Match_ID,Format,Match_Date,Team_1,Team_2,Venue,Host_Country,Toss,Innings,Batting_Team,Bowling_Team,Player,Role,Batting_Position,Runs,Balls,4s,6s,Strike_Rate,Overs,Maidens,Runs_Conceded,Wickets,Economy,Result,Player_of_the_Match
1000851,Test,2016-11-03,Australia,South Africa,Western Australia Cricket Association Ground,,South Africa chose to bat,1,,Australia,JR Hazlewood,Bowler,,,,,,,17,1,74,3,4.35,,
1000851,Test,2016-11-03,Australia,South Africa,Western Australia Cricket Association Ground,,South Africa chose to bat,1,,Australia,MA Starc,Bowler,,,,,,,19,2,71,4,3.74,,
1000851,Test,2016-11-03,Australia,South Africa,Western Australia Cricket Association Ground,,South Africa chose to bat,1,,Australia,MR Marsh,Bowler,,,,,,,6,1,23,0,3.83,,
1000851,Test,2016-11-03,Australia,South Africa,Western Australia Cricket Association Ground,,South Africa chose to bat,1,,Australia,NM Lyon,Bowler,,,,,,,10,1,38,2,3.8,,
1000851,Test,2016-11-03,Australia,South Africa,Western Australia Cricket Association Ground,,South Africa chose to bat,1,,Australia,PM Siddle,Bowler,,,,,,,12,3,36,1,3.0,,
1000851,Test,2016-11-03,Australia,South Africa,Western Australia Cricket Association Ground,,South Africa chose to bat,1,South Africa,,D Elgar,Batter,1,12,22,2,0,54.55,,,,,,,
1000851,Test,2016-11-03,Australia,South Africa,Western Australia Cricket Association Ground,,South Africa chose to bat,1,South Africa,,DW Steyn,Batter,2,4,4,1,0,100.0,,,,,,,
1000851,Test,2016-11-03,Australia,South Africa,Western Australia Cricket Association Ground,,South Africa chose to bat,1,South Africa,,F du Plessis,Batter,3,37,74,5,0,50.0,,,,,,,
1000851,Test,2016-11-03,Australia,South Africa,Western Australia Cricket Association Ground,,South Africa chose to bat,1,South Africa,,HM Amla,Batter,4,0,5,0,0,0.0,,,,,,,
1000851,Test,2016-11-03,Australia,South Africa,Western Australia Cricket Association Ground,,South Africa chose to bat,1,South Africa,,JP Duminy,Batter,5,11,23,0,0,47.83,,,,,,,
1000851,Test,2016-11-03,Australia,South Africa,Western Australia Cricket Association Ground,,South Africa chose to bat,1,South Africa,,K Rabada,Batter,6,11,12,2,0,91.67,,,,,,,K Rabada
1000851,Test,2016-11-03,Australia,South Africa,Western Australia Cricket Association Ground,,South Africa chose to bat,1,South Africa,,KA Maharaj,Batter,7,16,19,1,1,84.21,,,,,,,
1000851,Test,2016-11-03,Australia,South Africa,Western Australia Cricket Association Ground,,South Africa chose to bat,1,South Africa,,Q de Kock,Batter,8,84,101,11,1,83.17,,,,,,,
1000851,Test,2016-11-03,Australia,South Africa,Western Australia Cricket Association Ground,,South Africa chose to bat,1,South Africa,,SC Cook,Batter,9,0,4,0,0,0.0,,,,,,,
1000851,Test,2016-11-03,Australia,South Africa,Western Australia Cricket Association Ground,,South Africa chose to bat,1,South Africa,,T Bavuma,Batter,10,51,86,7,0,59.3,,,,,,,
1000851,Test,2016-11-03,Australia,South Africa,Western Australia Cricket Association Ground,,South Africa chose to bat,1,South Africa,,VD Philander,Batter,11,10,32,1,0,31.25,,,,,,,
1000851,Test,2016-11-03,Australia,South Africa,Western Australia Cricket Association Ground,,South Africa chose to bat,2,Australia,,AC Voges,Batter,1,27,60,4,0,45.0,,,,,,,
1000851,Test,2016-11-03,Australia,South Africa,Western Australia Cricket Association Ground,,South Africa chose to bat,2,Australia,,DA Warner,Batter,2,97,100,16,1,97.0,,,,,,,
1000851,Test,2016-11-03,Australia,South Africa,Western Australia Cricket Association Ground,,South Africa chose to bat,2,Australia,,JR Hazlewood,Batter,3,4,5,0,0,80.0,,,,,,,
1000851,Test,2016-11-03,Australia,South Africa,Western Australia Cricket Association Ground,,South Africa chose to bat,2,Australia,,MA Starc,Batter,4,0,5,0,0,0.0,,,,,,,
1000851,Test,2016-11-03,Australia,South Africa,Western Australia Cricket Association Ground,,South Africa chose to bat,2,Australia,,MR Marsh,Batter,5,0,8,0,0,0.0,,,,,,,
1000851,Test,2016-11-03,Australia,South Africa,Western Australia Cricket Association Ground,,South Africa chose to bat,2,Australia,,NM Lyon,Batter,6,0,2,0,0,0.0,,,,,,,
1000851,Test,2016-11-03,Australia,South Africa,Western Australia Cricket Association Ground,,South Africa chose to bat,2,Australia,,PM Nevill,Batter,7,23,53,2,1,43.4,,,,,,,
1000851,Test,2016-11-03,Australia,South Africa,Western Australia Cricket Association Ground,,South Africa chose to bat,2,Australia,,PM Siddle,Batter,8,18,25,3,0,72.0,,,,,,,
1000851,Test,2016-11-03,Australia,South Africa,Western Australia Cricket Association Ground,,South Africa chose to bat,2,Australia,,SE Marsh,Batter,9,63,148,8,0,42.57,,,,,,,
1000851,Test,2016-11-03,Australia,South Africa,Western Australia Cricket Association Ground,,South Africa chose to bat,2,Australia,,SPD Smith,Batter,10,0,4,0,0,0.0,,,,,,,
1000851,Test,2016-11-03,Australia,South Africa,Western Australia Cricket Association Ground,,South Africa chose to bat,2,Australia,,UT Khawaja,Batter,11,4,17,0,0,23.53,,,,,,,
1000851,Test,2016-11-03,Australia,South Africa,Western Australia Cricket Association Ground,,South Africa chose to bat,2,,South Africa,DW Steyn,Bowler,,,,,,,12,3,51,1,4.03,,
1000851,Test,2016-11-03,Australia,South Africa,Western Australia Cricket Association Ground,,South Africa chose to bat,2,,South Africa,K Rabada,Bowler,,,,,,,20,1,81,2,3.98,,K Rabada
1000851,Test,2016-11-03,Australia,South Africa,Western Australia Cricket Association Ground,,South Africa chose to bat,2,,South Africa,KA Maharaj,Bowler,,,,,,,18,6,56,3,3.05,,
1000851,Test,2016-11-03,Australia,South Africa,Western Australia Cricket Association Ground,,South Africa chose to bat,2,,South Africa,VD Philander,Bowler,,,,,,,19,2,56,4,2.82,,
1000851,Test,2016-11-03,Australia,South Africa,Western Australia Cricket Association Ground,,South Africa chose to bat,3,,Australia,AC Voges,Bowler,,,,,,,5,1,9,0,1.8,,
1000851,Test,2016-11-03,Australia,South Africa,Western Australia Cricket Association Ground,,South Africa chose to bat,3,,Australia,JR Hazlewood,Bowler,,,,,,,37,10,112,2,3.01,,
1000851,Test,2016-11-03,Australia,South Africa,Western Australia Cricket Association Ground,,South Africa chose to bat,3,,Australia,MA Starc,Bowler,,,,,,,31,7,121,1,3.88,,
1000851,Test,2016-11-03,Australia,South Africa,Western Australia Cricket Association Ground,,South Africa chose to bat,3,,Australia,MR Marsh,Bowler,,,,,,,26,4,82,2,3.08,,
1000851,Test,2016-11-03,Australia,South Africa,Western Australia Cricket Association Ground,,South Africa chose to bat,3,,Australia,NM Lyon,Bowler,,,,,,,34,3,151,0,4.44,,
1000851,Test,2016-11-03,Australia,South Africa,Western Australia Cricket Association Ground,,South Africa chose to bat,3,,Australia,PM Siddle,Bowler,,,,,,,26,9,62,2,2.38,,
1000851,Test,2016-11-03,Australia,South Africa,Western Australia Cricket Association Ground,,South Africa chose to bat,3,,Australia,SPD Smith,Bowler,,,,,,,1,0,3,1,2.57,,
1000851,Test,2016-11-03,Australia,South Africa,Western Australia Cricket Association Ground,,South Africa chose to bat,3,South Africa,,D Elgar,Batter,1,127,316,17,1,40.19,,,,,,,
1000851,Test,2016-11-03,Australia,South Africa,Western Australia Cricket Association Ground,,South Africa chose to bat,3,South Africa,,F du Plessis,Batter,2,32,64,6,0,50.0,,,,,,,
1000851,Test,2016-11-03,Australia,South Africa,Western Australia Cricket Association Ground,,South Africa chose to bat,3,South Africa,,HM Amla,Batter,3,1,7,0,0,14.29,,,,,,,
1000851,Test,2016-11-03,Australia,South Africa,Western Australia Cricket Association Ground,,South Africa chose to bat,3,South Africa,,JP Duminy,Batter,4,141,225,20,1,62.67,,,,,,,
1000851,Test,2016-11-03,Australia,South Africa,Western Australia Cricket Association Ground,,South Africa chose to bat,3,South Africa,,KA Maharaj,Batter,5,41,34,2,3,120.59,,,,,,,
1000851,Test,2016-11-03,Australia,South Africa,Western Australia Cricket Association Ground,,South Africa chose to bat,3,South Africa,,Q de Kock,Batter,6,64,100,5,2,64.0,,,,,,,
1000851,Test,2016-11-03,Australia,South Africa,Western Australia Cricket Association Ground,,South Africa chose to bat,3,South Africa,,SC Cook,Batter,7,12,55,2,0,21.82,,,,,,,
1000851,Test,2016-11-03,Australia,South Africa,Western Australia Cricket Association Ground,,South Africa chose to bat,3,South Africa,,T Bavuma,Batter,8,8,18,2,0,44.44,,,,,,,
1000851,Test,2016-11-03,Australia,South Africa,Western Australia Cricket Association Ground,,South Africa chose to bat,3,South Africa,,VD Philander,Batter,9,73,143,10,2,51.05,,,,,,,
1000851,Test,2016-11-03,Australia,South Africa,Western Australia Cricket Association Ground,,South Africa chose to bat,4,Australia,,AC Voges,Batter,1,1,12,0,0,8.33,,,,,,,
1000851,Test,2016-11-03,Australia,South Africa,Western Australia Cricket Association Ground,,South Africa chose to bat,4,Australia,,DA Warner,Batter,2,35,33,6,0,106.06,,,,,,,
1000851,Test,2016-11-03,Australia,South Africa,Western Australia Cricket Association Ground,,South Africa chose to bat,4,Australia,,JR Hazlewood,Batter,3,29,71,5,0,40.85,,,,,,,
1000851,Test,2016-11-03,Australia,South Africa,Western Australia Cricket Association Ground,,South Africa chose to bat,4,Australia,,MA Starc,Batter,4,13,24,2,0,54.17,,,,,,,
1000851,Test,2016-11-03,Australia,South Africa,Western Australia Cricket Association Ground,,South Africa chose to bat,4,Australia,,MR Marsh,Batter,5,26,52,4,0,50.0,,,,,,,
1000851,Test,2016-11-03,Australia,South Africa,Western Australia Cricket Association Ground,,South Africa chose to bat,4,Australia,,NM Lyon,Batter,6,8,22,1,0,36.36,,,,,,,
1000851,Test,2016-11-03,Australia,South Africa,Western Australia Cricket Association Ground,,South Africa chose to bat,4,Australia,,PM Nevill,Batter,7,60,153,6,0,39.22,,,,,,,
1000851,Test,2016-11-03,Australia,South Africa,Western Australia Cricket Association Ground,,South Africa chose to bat,4,Australia,,PM Siddle,Batter,8,13,32,3,0,40.62,,,,,,,
1000851,Test,2016-11-03,Australia,South Africa,Western Australia Cricket Association Ground,,South Africa chose to bat,4,Australia,,SE Marsh,Batter,9,15,45,1,0,33.33,,,,,,,
1000851,Test,2016-11-03,Australia,South Africa,Western Australia Cricket Association Ground,,South Africa chose to bat,4,Australia,,SPD Smith,Batter,10,34,91,5,0,37.36,,,,,,,
1000851,Test,2016-11-03,Australia,South Africa,Western Australia Cricket Association Ground,,South Africa chose to bat,4,Australia,,UT Khawaja,Batter,11,97,182,11,3,53.3,,,,,,,
1000851,Test,2016-11-03,Australia,South Africa,Western Australia Cricket Association Ground,,South Africa chose to bat,4,,South Africa,JP Duminy,Bowler,,,,,,,17,1,52,1,3.06,,
1000851,Test,2016-11-03,Australia,South Africa,Western Australia Cricket Association Ground,,South Africa chose to bat,4,,South Africa,K Rabada,Bowler,,,,,,,31,6,98,6,3.11,,K Rabada
1000851,Test,2016-11-03,Australia,South Africa,Western Australia Cricket Association Ground,,South Africa chose to bat,4,,South Africa,KA Maharaj,Bowler,,,,,,,40,9,103,1,2.55,,
1000851,Test,2016-11-03,Australia,South Africa,Western Australia Cricket Association Ground,,South Africa chose to bat,4,,South Africa,SC Cook,Bowler,,,,,,,2,0,16,0,8.0,,
1000851,Test,2016-11-03,Australia,South Africa,Western Australia Cricket Association Ground,,South Africa chose to bat,4,,South Africa,T Bavuma,Bowler,,,,,,,7,0,37,1,5.05,,
1000851,Test,2016-11-03,Australia,South Africa,Western Australia Cricket Association Ground,,South Africa chose to bat,4,,South Africa,VD Philander,Bowler,,,,,,,22,7,55,1,2.5,,
1000853,Test,2016-11-12,Australia,South Africa,Bellerive Oval,,South Africa chose to field,1,Australia,,AC Voges,Batter,1,0,1,0,0,0.0,,,,,,,
1000853,Test,2016-11-12,Australia,South Africa,Bellerive Oval,,South Africa chose to field,1,Australia,,CJ Ferguson,Batter,2,3,12,0,0,25.0,,,,,,,
1000853,Test,2016-11-12,Australia,South Africa,Bellerive Oval,,South Africa chose to field,1,Australia,,DA Warner,Batter,3,1,4,0,0,25.0,,,,,,,
1000853,Test,2016-11-12,Australia,South Africa,Bellerive Oval,,South Africa chose to field,1,Australia,,JA Burns,Batter,4,1,8,0,0,12.5,,,,,,,
1000853,Test,2016-11-12,Australia,South Africa,Bellerive Oval,,South Africa chose to field,1,Australia,,JM Mennie,Batter,5,10,22,2,0,45.45,,,,,,,
1000853,Test,2016-11-12,Australia,South Africa,Bellerive Oval,,South Africa chose to field,1,Australia,,JR Hazlewood,Batter,6,8,7,2,0,114.29,,,,,,,
1000853,Test,2016-11-12,Australia,South Africa,Bellerive Oval,,South Africa chose to field,1,Australia,,MA Starc,Batter,7,4,6,1,0,66.67,,,,,,,
1000853,Test,2016-11-12,Australia,South Africa,Bellerive Oval,,South Africa chose to field,1,Australia,,NM Lyon,Batter,8,2,7,0,0,28.57,,,,,,,
1000853,Test,2016-11-12,Australia,South Africa,Bellerive Oval,,South Africa chose to field,1,Australia,,PM Nevill,Batter,9,3,25,0,0,12.0,,,,,,,
1000853,Test,2016-11-12,Australia,South Africa,Bellerive Oval,,South Africa chose to field,1,Australia,,SPD Smith,Batter,10,48,80,5,0,60.0,,,,,,,
1000853,Test,2016-11-12,Australia,South Africa,Bellerive Oval,,South Africa chose to field,1,Australia,,UT Khawaja,Batter,11,4,25,0,0,16.0,,,,,,,
1000853,Test,2016-11-12,Australia,South Africa,Bellerive Oval,,South Africa chose to field,1,,South Africa,K Rabada,Bowler,,,,,,,6,0,21,1,3.5,,
1000853,Test,2016-11-12,Australia,South Africa,Bellerive Oval,,South Africa chose to field,1,,South Africa,KA Maharaj,Bowler,,,,,,,4,2,2,0,0.5,,
1000853,Test,2016-11-12,Australia,South Africa,Bellerive Oval,,South Africa chose to field,1,,South Africa,KJ Abbott,Bowler,,,,,,,12,3,41,4,3.24,,KJ Abbott
1000853,Test,2016-11-12,Australia,South Africa,Bellerive Oval,,South Africa chose to field,1,,South Africa,VD Philander,Bowler,,,,,,,10,5,21,5,2.07,,
1000853,Test,2016-11-12,Australia,South Africa,Bellerive Oval,,South Africa chose to field,2,,Australia,JM Mennie,Bowler,,,,,,,28,5,88,1,3.14,,
1000853,Test,2016-11-12,Australia,South Africa,Bellerive Oval,,South Africa chose to field,2,,Australia,JR Hazlewood,Bowler,,,,,,,30,10,91,6,2.95,,
1000853,Test,2016-11-12,Australia,South Africa,Bellerive Oval,,South Africa chose to field,2,,Australia,MA Starc,Bowler,,,,,,,24,0,82,3,3.39,,
1000853,Test,2016-11-12,Australia,South Africa,Bellerive Oval,,South Africa chose to field,2,,Australia,NM Lyon,Bowler,,,,,,,17,2,60,0,3.53,,
1000853,Test,2016-11-12,Australia,South Africa,Bellerive Oval,,South Africa chose to field,2,,Australia,SPD Smith,Bowler,,,,,,,1,0,5,0,5.0,,
1000853,Test,2016-11-12,Australia,South Africa,Bellerive Oval,,South Africa chose to field,2,South Africa,,D Elgar,Batter,1,17,61,0,0,27.87,,,,,,,
1000853,Test,2016-11-12,Australia,South Africa,Bellerive Oval,,South Africa chose to field,2,South Africa,,F du Plessis,Batter,2,7,25,1,0,28.0,,,,,,,
1000853,Test,2016-11-12,Australia,South Africa,Bellerive Oval,,South Africa chose to field,2,South Africa,,HM Amla,Batter,3,47,67,5,0,70.15,,,,,,,
1000853,Test,2016-11-12,Australia,South Africa,Bellerive Oval,,South Africa chose to field,2,South Africa,,JP Duminy,Batter,4,1,4,0,0,25.0,,,,,,,
1000853,Test,2016-11-12,Australia,South Africa,Bellerive Oval,,South Africa chose to field,2,South Africa,,K Rabada,Batter,5,5,11,1,0,45.45,,,,,,,
1000853,Test,2016-11-12,Australia,South Africa,Bellerive Oval,,South Africa chose to field,2,South Africa,,KA Maharaj,Batter,6,1,5,0,0,20.0,,,,,,,
1000853,Test,2016-11-12,Australia,South Africa,Bellerive Oval,,South Africa chose to field,2,South Africa,,KJ Abbott,Batter,7,3,9,0,0,33.33,,,,,,,KJ Abbott
1000853,Test,2016-11-12,Australia,South Africa,Bellerive Oval,,South Africa chose to field,2,South Africa,,Q de Kock,Batter,8,104,143,17,0,72.73,,,,,,,
1000853,Test,2016-11-12,Australia,South Africa,Bellerive Oval,,South Africa chose to field,2,South Africa,,SC Cook,Batter,9,23,49,2,0,46.94,,,,,,,
1000853,Test,2016-11-12,Australia,South Africa,Bellerive Oval,,South Africa chose to field,2,South Africa,,T Bavuma,Batter,10,74,204,8,0,36.27,,,,,,,
1000853,Test,2016-11-12,Australia,South Africa,Bellerive Oval,,South Africa chose to field,2,South Africa,,VD Philander,Batter,11,32,28,6,0,114.29,,,,,,,
1000853,Test,2016-11-12,Australia,South Africa,Bellerive Oval,,South Africa chose to field,3,Australia,,AC Voges,Batter,1,2,17,0,0,11.76,,,,,,,
1000853,Test,2016-11-12,Australia,South Africa,Bellerive Oval,,South Africa chose to field,3,Australia,,CJ Ferguson,Batter,2,1,11,0,0,9.09,,,,,,,
1000853,Test,2016-11-12,Australia,South Africa,Bellerive Oval,,South Africa chose to field,3,Australia,,DA Warner,Batter,3,45,78,4,0,57.69,,,,,,,
1000853,Test,2016-11-12,Australia,South Africa,Bellerive Oval,,South Africa chose to field,3,Australia,,JA Burns,Batter,4,0,4,0,0,0.0,,,,,,,
1000853,Test,2016-11-12,Australia,South Africa,Bellerive Oval,,South Africa chose to field,3,Australia,,JM Mennie,Batter,5,0,2,0,0,0.0,,,,,,,
1000853,Test,2016-11-12,Australia,South Africa,Bellerive Oval,,South Africa chose to field,3,Australia,,JR Hazlewood,Batter,6,6,14,1,0,42.86,,,,,,,
1000853,Test,2016-11-12,Australia,South Africa,Bellerive Oval,,South Africa chose to field,3,Australia,,MA Starc,Batter,7,0,13,0,0,0.0,,,,,,,
1000853,Test,2016-11-12,Australia,South Africa,Bellerive Oval,,South Africa chose to field,3,Australia,,NM Lyon,Batter,8,4,4,1,0,100.0,,,,,,,
1000853,Test,2016-11-12,Australia,South Africa,Bellerive Oval,,South Africa chose to field,3,Australia,,PM Nevill,Batter,9,6,16,0,0,37.5,,,,,,,
1000853,Test,2016-11-12,Australia,South Africa,Bellerive Oval,,South Africa chose to field,3,Australia,,SPD Smith,Batter,10,31,82,5,0,37.8,,,,,,,
1000853,Test,2016-11-12,Australia,South Africa,Bellerive Oval,,South Africa chose to field,3,Australia,,UT Khawaja,Batter,11,64,121,9,0,52.89,,,,,,,
1000853,Test,2016-11-12,Australia,South Africa,Bellerive Oval,,South Africa chose to field,3,,South Africa,JP Duminy,Bowler,,,,,,,1,0,8,0,8.0,,
1000853,Test,2016-11-12,Australia,South Africa,Bellerive Oval,,South Africa chose to field,3,,South Africa,K Rabada,Bowler,,,,,,,17,5,34,4,2.0,,
1000853,Test,2016-11-12,Australia,South Africa,Bellerive Oval,,South Africa chose to field,3,,South Africa,KA Maharaj,Bowler,,,,,,,3,0,10,0,3.33,,
1000853,Test,2016-11-12,Australia,South Africa,Bellerive Oval,,South Africa chose to field,3,,South Africa,KJ Abbott,Bowler,,,,,,,23,3,77,6,3.32,,KJ Abbott
1000853,Test,2016-11-12,Australia,South Africa,Bellerive Oval,,South Africa chose to field,3,,South Africa,VD Philander,Bowler,,,,,,,16,6,32,0,1.98,,
1000855,Test,2016-11-24,Australia,South Africa,Adelaide Oval,,South Africa chose to bat,1,,Australia,JM Bird,Bowler,,,,,,,16,3,57,2,3.56,,
1000855,Test,2016-11-24,Australia,South Africa,Adelaide Oval,,South Africa chose to bat,1,,Australia,JR Hazlewood,Bowler,,,,,,,22,5,68,4,3.07,,
1000855,Test,2016-11-24,Australia,South Africa,Adelaide Oval,,South Africa chose to bat,1,,Australia,MA Starc,Bowler,,,,,,,23,4,86,2,3.69,,
1000855,Test,2016-11-24,Australia,South Africa,Adelaide Oval,,South Africa chose to bat,1,,Australia,NM Lyon,Bowler,,,,,,,15,1,48,1,3.2,,
1000855,Test,2016-11-24,Australia,South Africa,Adelaide Oval,,South Africa chose to bat,1,South Africa,,D Elgar,Batter,1,5,17,1,0,29.41,,,,,,,
1000855,Test,2016-11-24,Australia,South Africa,Adelaide Oval,,South Africa chose to bat,1,South Africa,,F du Plessis,Batter,2,118,164,17,0,71.95,,,,,,,
1000855,Test,2016-11-24,Australia,South Africa,Adelaide Oval,,South Africa chose to bat,1,South Africa,,HM Amla,Batter,3,5,11,0,0,45.45,,,,,,,
1000855,Test,2016-11-24,Australia,South Africa,Adelaide Oval,,South Africa chose to bat,1,South Africa,,JP Duminy,Batter,4,5,11,1,0,45.45,,,,,,,
1000855,Test,2016-11-24,Australia,South Africa,Adelaide Oval,,South Africa chose to bat,1,South Africa,,K Rabada,Batter,5,1,6,0,0,16.67,,,,,,,
1000855,Test,2016-11-24,Australia,South Africa,Adelaide Oval,,South Africa chose to bat,1,South Africa,,KJ Abbott,Batter,6,17,50,0,0,34.0,,,,,,,
1000855,Test,2016-11-24,Australia,South Africa,Adelaide Oval,,South Africa chose to bat,1,South Africa,,Q de Kock,Batter,7,24,33,3,0,72.73,,,,,,,
1000855,Test,2016-11-24,Australia,South Africa,Adelaide Oval,,South Africa chose to bat,1,South Africa,,SC Cook,Batter,8,40,99,4,0,40.4,,,,,,,
1000855,Test,2016-11-24,Australia,South Africa,Adelaide Oval,,South Africa chose to bat,1,South Africa,,T Bavuma,Batter,9,8,34,0,0,23.53,,,,,,,
1000855,Test,2016-11-24,Australia,South Africa,Adelaide Oval,,South Africa chose to bat,1,South Africa,,T Shamsi,Batter,10,18,23,2,0,78.26,,,,,,,
1000855,Test,2016-11-24,Australia,South Africa,Adelaide Oval,,South Africa chose to bat,1,South Africa,,VD Philander,Batter,11,4,9,1,0,44.44,,,,,,,
1000855,Test,2016-11-24,Australia,South Africa,Adelaide Oval,,South Africa chose to bat,2,Australia,,DA Warner,Batter,1,11,25,0,0,44.0,,,,,,,
1000855,Test,2016-11-24,Australia,South Africa,Adelaide Oval,,South Africa chose to bat,2,Australia,,JM Bird,Batter,2,6,17,0,0,35.29,,,,,,,
1000855,Test,2016-11-24,Australia,South Africa,Adelaide Oval,,South Africa chose to bat,2,Australia,,JR Hazlewood,Batter,3,11,26,1,0,42.31,,,,,,,
1000855,Test,2016-11-24,Australia,South Africa,Adelaide Oval,,South Africa chose to bat,2,Australia,,MA Starc,Batter,4,53,91,5,1,58.24,,,,,,,
1000855,Test,2016-11-24,Australia,South Africa,Adelaide Oval,,South Africa chose to bat,2,Australia,,MS Wade,Batter,5,4,6,1,0,66.67,,,,,,,
1000855,Test,2016-11-24,Australia,South Africa,Adelaide Oval,,South Africa chose to bat,2,Australia,,MT Renshaw,Batter,6,10,46,2,0,21.74,,,,,,,
1000855,Test,2016-11-24,Australia,South Africa,Adelaide Oval,,South Africa chose to bat,2,Australia,,NJ Maddinson,Batter,7,0,12,0,0,0.0,,,,,,,
1000855,Test,2016-11-24,Australia,South Africa,Adelaide Oval,,South Africa chose to bat,2,Australia,,NM Lyon,Batter,8,13,8,1,0,162.5,,,,,,,
1000855,Test,2016-11-24,Australia,South Africa,Adelaide Oval,,South Africa chose to bat,2,Australia,,PSP Handscomb,Batter,9,54,78,6,0,69.23,,,,,,,
1000855,Test,2016-11-24,Australia,South Africa,Adelaide Oval,,South Africa chose to bat,2,Australia,,SPD Smith,Batter,10,59,113,8,1,52.21,,,,,,,
1000855,Test,2016-11-24,Australia,South Africa,Adelaide Oval,,South Africa chose to bat,2,Australia,,UT Khawaja,Batter,11,145,308,12,0,47.08,,,,,,,UT Khawaja
1000855,Test,2016-11-24,Australia,South Africa,Adelaide Oval,,South Africa chose to bat,2,,South Africa,D Elgar,Bowler,,,,,,,2,0,11,0,5.5,,
1000855,Test,2016-11-24,Australia,South Africa,Adelaide Oval,,South Africa chose to bat,2,,South Africa,JP Duminy,Bowler,,,,,,,6,0,25,0,4.17,,
1000855,Test,2016-11-24,Australia,South Africa,Adelaide Oval,,South Africa chose to bat,2,,South Africa,K Rabada,Bowler,,,,,,,25,4,84,3,3.29,,
1000855,Test,2016-11-24,Australia,South Africa,Adelaide Oval,,South Africa chose to bat,2,,South Africa,KJ Abbott,Bowler,,,,,,,29,10,53,3,1.83,,
1000855,Test,2016-11-24,Australia,South Africa,Adelaide Oval,,South Africa chose to bat,2,,South Africa,T Bavuma,Bowler,,,,,,,1,0,1,0,1.0,,
1000855,Test,2016-11-24,Australia,South Africa,Adelaide Oval,,South Africa chose to bat,2,,South Africa,T Shamsi,Bowler,,,,,,,29,4,104,2,3.59,,
1000855,Test,2016-11-24,Australia,South Africa,Adelaide Oval,,South Africa chose to bat,2,,South Africa,VD Philander,Bowler,,,,,,,29,5,105,2,3.56,,
1000855,Test,2016-11-24,Australia,South Africa,Adelaide Oval,,South Africa chose to bat,3,,Australia,DA Warner,Bowler,,,,,,,1,0,5,0,5.0,,
1000855,Test,2016-11-24,Australia,South Africa,Adelaide Oval,,South Africa chose to bat,3,,Australia,JM Bird,Bowler,,,,,,,20,3,55,1,2.7,,
1000855,Test,2016-11-24,Australia,South Africa,Adelaide Oval,,South Africa chose to bat,3,,Australia,JR Hazlewood,Bowler,,,,,,,20,8,41,2,2.05,,
1000855,Test,2016-11-24,Australia,South Africa,Adelaide Oval,,South Africa chose to bat,3,,Australia,MA Starc,Bowler,,,,,,,23,5,86,4,3.66,,
1000855,Test,2016-11-24,Australia,South Africa,Adelaide Oval,,South Africa chose to bat,3,,Australia,NM Lyon,Bowler,,,,,,,21,4,63,3,3.0,,
1000855,Test,2016-11-24,Australia,South Africa,Adelaide Oval,,South Africa chose to bat,3,South Africa,,D Elgar,Batter,1,0,3,0,0,0.0,,,,,,,
1000855,Test,2016-11-24,Australia,South Africa,Adelaide Oval,,South Africa chose to bat,3,South Africa,,F du Plessis,Batter,2,12,26,2,0,46.15,,,,,,,
1000855,Test,2016-11-24,Australia,South Africa,Adelaide Oval,,South Africa chose to bat,3,South Africa,,HM Amla,Batter,3,45,80,6,1,56.25,,,,,,,
1000855,Test,2016-11-24,Australia,South Africa,Adelaide Oval,,South Africa chose to bat,3,South Africa,,JP Duminy,Batter,4,26,70,4,0,37.14,,,,,,,
1000855,Test,2016-11-24,Australia,South Africa,Adelaide Oval,,South Africa chose to bat,3,South Africa,,K Rabada,Batter,5,7,9,1,0,77.78,,,,,,,
1000855,Test,2016-11-24,Australia,South Africa,Adelaide Oval,,South Africa chose to bat,3,South Africa,,KJ Abbott,Batter,6,0,5,0,0,0.0,,,,,,,
1000855,Test,2016-11-24,Australia,South Africa,Adelaide Oval,,South Africa chose to bat,3,South Africa,,Q de Kock,Batter,7,5,16,1,0,31.25,,,,,,,
1000855,Test,2016-11-24,Australia,South Africa,Adelaide Oval,,South Africa chose to bat,3,South Africa,,SC Cook,Batter,8,104,240,8,0,43.33,,,,,,,
1000855,Test,2016-11-24,Australia,South Africa,Adelaide Oval,,South Africa chose to bat,3,South Africa,,T Bavuma,Batter,9,21,31,3,0,67.74,,,,,,,
1000855,Test,2016-11-24,Australia,South Africa,Adelaide Oval,,South Africa chose to bat,3,South Africa,,T Shamsi,Batter,10,0,1,0,0,0.0,,,,,,,
1000855,Test,2016-11-24,Australia,South Africa,Adelaide Oval,,South Africa chose to bat,3,South Africa,,VD Philander,Batter,11,17,34,2,0,50.0,,,,,,,
1000855,Test,2016-11-24,Australia,South Africa,Adelaide Oval,,South Africa chose to bat,4,Australia,,DA Warner,Batter,1,47,51,8,0,92.16,,,,,,,
1000855,Test,2016-11-24,Australia,South Africa,Adelaide Oval,,South Africa chose to bat,4,Australia,,MT Renshaw,Batter,2,34,137,5,0,24.82,,,,,,,
1000855,Test,2016-11-24,Australia,South Africa,Adelaide Oval,,South Africa chose to bat,4,Australia,,PSP Handscomb,Batter,3,1,4,0,0,25.0,,,,,,,
1000855,Test,2016-11-24,Australia,South Africa,Adelaide Oval,,South Africa chose to bat,4,Australia,,SPD Smith,Batter,4,40,52,5,0,76.92,,,,,,,
1000855,Test,2016-11-24,Australia,South Africa,Adelaide Oval,,South Africa chose to bat,4,Australia,,UT Khawaja,Batter,5,0,2,0,0,0.0,,,,,,,UT Khawaja
1000855,Test,2016-11-24,Australia,South Africa,Adelaide Oval,,South Africa chose to bat,4,,South Africa,K Rabada,Bowler,,,,,,,9,4,28,0,3.05,,
1000855,Test,2016-11-24,Australia,South Africa,Adelaide Oval,,South Africa chose to bat,4,,South Africa,KJ Abbott,Bowler,,,,,,,10,2,29,1,2.9,,
1000855,Test,2016-11-24,Australia,South Africa,Adelaide Oval,,South Africa chose to bat,4,,South Africa,T Shamsi,Bowler,,,,,,,14,4,49,2,3.3,,
1000855,Test,2016-11-24,Australia,South Africa,Adelaide Oval,,South Africa chose to bat,4,,South Africa,VD Philander,Bowler,,,,,,,7,2,21,0,3.0,,
1000881,Test,2016-12-15,Australia,Pakistan,"Brisbane Cricket Ground, Woolloongabba",,Australia chose to bat,1,Australia,,DA Warner,Batter,1,32,70,2,0,45.71,,,,,,,
1000881,Test,2016-12-15,Australia,Pakistan,"Brisbane Cricket Ground, Woolloongabba",,Australia chose to bat,1,Australia,,JM Bird,Batter,2,19,43,0,1,44.19,,,,,,,
1000881,Test,2016-12-15,Australia,Pakistan,"Brisbane Cricket Ground, Woolloongabba",,Australia chose to bat,1,Australia,,JR Hazlewood,Batter,3,8,21,0,0,38.1,,,,,,,
1000881,Test,2016-12-15,Australia,Pakistan,"Brisbane Cricket Ground, Woolloongabba",,Australia chose to bat,1,Australia,,MA Starc,Batter,4,10,7,1,0,142.86,,,,,,,
1000881,Test,2016-12-15,Australia,Pakistan,"Brisbane Cricket Ground, Woolloongabba",,Australia chose to bat,1,Australia,,MS Wade,Batter,5,7,21,1,0,33.33,,,,,,,
1000881,Test,2016-12-15,Australia,Pakistan,"Brisbane Cricket Ground, Woolloongabba",,Australia chose to bat,1,Australia,,MT Renshaw,Batter,6,71,125,9,0,56.8,,,,,,,
1000881,Test,2016-12-15,Australia,Pakistan,"Brisbane Cricket Ground, Woolloongabba",,Australia chose to bat,1,Australia,,NJ Maddinson,Batter,7,1,8,0,0,12.5,,,,,,,
1000881,Test,2016-12-15,Australia,Pakistan,"Brisbane Cricket Ground, Woolloongabba",,Australia chose to bat,1,Australia,,NM Lyon,Batter,8,29,24,6,0,120.83,,,,,,,
1000881,Test,2016-12-15,Australia,Pakistan,"Brisbane Cricket Ground, Woolloongabba",,Australia chose to bat,1,Australia,,PSP Handscomb,Batter,9,105,240,10,1,43.75,,,,,,,
1000881,Test,2016-12-15,Australia,Pakistan,"Brisbane Cricket Ground, Woolloongabba",,Australia chose to bat,1,Australia,,SPD Smith,Batter,10,130,222,19,0,58.56,,,,,,,
1000881,Test,2016-12-15,Australia,Pakistan,"Brisbane Cricket Ground, Woolloongabba",,Australia chose to bat,1,Australia,,UT Khawaja,Batter,11,4,7,1,0,57.14,,,,,,,
1000881,Test,2016-12-15,Australia,Pakistan,"Brisbane Cricket Ground, Woolloongabba",,Australia chose to bat,1,,Pakistan,Azhar Ali,Bowler,,,,,,,8,0,35,0,4.38,,
1000881,Test,2016-12-15,Australia,Pakistan,"Brisbane Cricket Ground, Woolloongabba",,Australia chose to bat,1,,Pakistan,Mohammad Amir,Bowler,,,,,,,31,7,98,4,3.14,,
1000881,Test,2016-12-15,Australia,Pakistan,"Brisbane Cricket Ground, Woolloongabba",,Australia chose to bat,1,,Pakistan,Rahat Ali,Bowler,,,,,,,22,5,75,0,3.41,,
1000881,Test,2016-12-15,Australia,Pakistan,"Brisbane Cricket Ground, Woolloongabba",,Australia chose to bat,1,,Pakistan,Wahab Riaz,Bowler,,,,,,,27,4,91,4,3.35,,
1000881,Test,2016-12-15,Australia,Pakistan,"Brisbane Cricket Ground, Woolloongabba",,Australia chose to bat,1,,Pakistan,Yasir Shah,Bowler,,,,,,,43,6,130,2,3.01,,
1000881,Test,2016-12-15,Australia,Pakistan,"Brisbane Cricket Ground, Woolloongabba",,Australia chose to bat,2,,Australia,JM Bird,Bowler,,,,,,,12,6,23,4,1.92,,
1000881,Test,2016-12-15,Australia,Pakistan,"Brisbane Cricket Ground, Woolloongabba",,Australia chose to bat,2,,Australia,JR Hazlewood,Bowler,,,,,,,14,1,24,3,1.71,,
1000881,Test,2016-12-15,Australia,Pakistan,"Brisbane Cricket Ground, Woolloongabba",,Australia chose to bat,2,,Australia,MA Starc,Bowler,,,,,,,18,2,63,3,3.47,,
1000881,Test,2016-12-15,Australia,Pakistan,"Brisbane Cricket Ground, Woolloongabba",,Australia chose to bat,2,,Australia,NM Lyon,Bowler,,,,,,,11,2,32,0,2.91,,
1000881,Test,2016-12-15,Australia,Pakistan,"Brisbane Cricket Ground, Woolloongabba",,Australia chose to bat,2,Pakistan,,Asad Shafiq,Batter,1,2,4,0,0,50.0,,,,,,,Asad Shafiq
1000881,Test,2016-12-15,Australia,Pakistan,"Brisbane Cricket Ground, Woolloongabba",,Australia chose to bat,2,Pakistan,,Azhar Ali,Batter,2,5,10,1,0,50.0,,,,,,,
1000881,Test,2016-12-15,Australia,Pakistan,"Brisbane Cricket Ground, Woolloongabba",,Australia chose to bat,2,Pakistan,,Babar Azam,Batter,3,19,41,1,0,46.34,,,,,,,
1000881,Test,2016-12-15,Australia,Pakistan,"Brisbane Cricket Ground, Woolloongabba",,Australia chose to bat,2,Pakistan,,Misbah-ul-Haq,Batter,4,4,20,0,0,20.0,,,,,,,
1000881,Test,2016-12-15,Australia,Pakistan,"Brisbane Cricket Ground, Woolloongabba",,Australia chose to bat,2,Pakistan,,Mohammad Amir,Batter,5,21,69,2,0,30.43,,,,,,,
1000881,Test,2016-12-15,Australia,Pakistan,"Brisbane Cricket Ground, Woolloongabba",,Australia chose to bat,2,Pakistan,,Rahat Ali,Batter,6,4,5,1,0,80.0,,,,,,,
1000881,Test,2016-12-15,Australia,Pakistan,"Brisbane Cricket Ground, Woolloongabba",,Australia chose to bat,2,Pakistan,,Sami Aslam,Batter,7,22,100,2,0,22.0,,,,,,,
1000881,Test,2016-12-15,Australia,Pakistan,"Brisbane Cricket Ground, Woolloongabba",,Australia chose to bat,2,Pakistan,,Sarfraz Ahmed,Batter,8,59,64,6,0,92.19,,,,,,,
1000881,Test,2016-12-15,Australia,Pakistan,"Brisbane Cricket Ground, Woolloongabba",,Australia chose to bat,2,Pakistan,,Wahab Riaz,Batter,9,1,14,0,0,7.14,,,,,,,
1000881,Test,2016-12-15,Australia,Pakistan,"Brisbane Cricket Ground, Woolloongabba",,Australia chose to bat,2,Pakistan,,Yasir Shah,Batter,10,1,2,0,0,50.0,,,,,,,
1000881,Test,2016-12-15,Australia,Pakistan,"Brisbane Cricket Ground, Woolloongabba",,Australia chose to bat,2,Pakistan,,Younis Khan,Batter,11,0,1,0,0,0.0,,,,,,,
1000881,Test,2016-12-15,Australia,Pakistan,"Brisbane Cricket Ground, Woolloongabba",,Australia chose to bat,3,Australia,,DA Warner,Batter,1,12,8,3,0,150.0,,,,,,,
1000881,Test,2016-12-15,Australia,Pakistan,"Brisbane Cricket Ground, Woolloongabba",,Australia chose to bat,3,Australia,,MS Wade,Batter,2,1,4,0,0,25.0,,,,,,,
1000881,Test,2016-12-15,Australia,Pakistan,"Brisbane Cricket Ground, Woolloongabba",,Australia chose to bat,3,Australia,,MT Renshaw,Batter,3,6,15,0,0,40.0,,,,,,,
1000881,Test,2016-12-15,Australia,Pakistan,"Brisbane Cricket Ground, Woolloongabba",,Australia chose to bat,3,Australia,,NJ Maddinson,Batter,4,4,3,1,0,133.33,,,,,,,
1000881,Test,2016-12-15,Australia,Pakistan,"Brisbane Cricket Ground, Woolloongabba",,Australia chose to bat,3,Australia,,PSP Handscomb,Batter,5,35,26,4,0,134.62,,,,,,,
1000881,Test,2016-12-15,Australia,Pakistan,"Brisbane Cricket Ground, Woolloongabba",,Australia chose to bat,3,Australia,,SPD Smith,Batter,6,63,70,11,0,90.0,,,,,,,
1000881,Test,2016-12-15,Australia,Pakistan,"Brisbane Cricket Ground, Woolloongabba",,Australia chose to bat,3,Australia,,UT Khawaja,Batter,7,74,109,8,0,67.89,,,,,,,
1000881,Test,2016-12-15,Australia,Pakistan,"Brisbane Cricket Ground, Woolloongabba",,Australia chose to bat,3,,Pakistan,Azhar Ali,Bowler,,,,,,,4,0,30,0,7.5,,
1000881,Test,2016-12-15,Australia,Pakistan,"Brisbane Cricket Ground, Woolloongabba",,Australia chose to bat,3,,Pakistan,Mohammad Amir,Bowler,,,,,,,8,0,37,1,4.62,,
1000881,Test,2016-12-15,Australia,Pakistan,"Brisbane Cricket Ground, Woolloongabba",,Australia chose to bat,3,,Pakistan,Rahat Ali,Bowler,,,,,,,10,1,40,2,4.0,,
1000881,Test,2016-12-15,Australia,Pakistan,"Brisbane Cricket Ground, Woolloongabba",,Australia chose to bat,3,,Pakistan,Wahab Riaz,Bowler,,,,,,,7,1,48,1,6.7,,
1000881,Test,2016-12-15,Australia,Pakistan,"Brisbane Cricket Ground, Woolloongabba",,Australia chose to bat,3,,Pakistan,Yasir Shah,Bowler,,,,,,,10,0,47,1,4.7,,
1000881,Test,2016-12-15,Australia,Pakistan,"Brisbane Cricket Ground, Woolloongabba",,Australia chose to bat,4,,Australia,JM Bird,Bowler,,,,,,,33,6,110,3,3.32,,
1000881,Test,2016-12-15,Australia,Pakistan,"Brisbane Cricket Ground, Woolloongabba",,Australia chose to bat,4,,Australia,JR Hazlewood,Bowler,,,,,,,42,11,100,0,2.38,,
1000881,Test,2016-12-15,Australia,Pakistan,"Brisbane Cricket Ground, Woolloongabba",,Australia chose to bat,4,,Australia,MA Starc,Bowler,,,,,,,38,9,120,5,3.14,,
1000881,Test,2016-12-15,Australia,Pakistan,"Brisbane Cricket Ground, Woolloongabba",,Australia chose to bat,4,,Australia,NJ Maddinson,Bowler,,,,,,,3,0,10,0,3.33,,
1000881,Test,2016-12-15,Australia,Pakistan,"Brisbane Cricket Ground, Woolloongabba",,Australia chose to bat,4,,Australia,NM Lyon,Bowler,,,,,,,29,3,110,2,3.79,,
1000881,Test,2016-12-15,Australia,Pakistan,"Brisbane Cricket Ground, Woolloongabba",,Australia chose to bat,4,Pakistan,,Asad Shafiq,Batter,1,137,207,13,1,66.18,,,,,,,Asad Shafiq
1000881,Test,2016-12-15,Australia,Pakistan,"Brisbane Cricket Ground, Woolloongabba",,Australia chose to bat,4,Pakistan,,Azhar Ali,Batter,2,71,179,9,0,39.66,,,,,,,
1000881,Test,2016-12-15,Australia,Pakistan,"Brisbane Cricket Ground, Woolloongabba",,Australia chose to bat,4,Pakistan,,Babar Azam,Batter,3,14,36,1,0,38.89,,,,,,,
1000881,Test,2016-12-15,Australia,Pakistan,"Brisbane Cricket Ground, Woolloongabba",,Australia chose to bat,4,Pakistan,,Misbah-ul-Haq,Batter,4,5,34,0,0,14.71,,,,,,,
1000881,Test,2016-12-15,Australia,Pakistan,"Brisbane Cricket Ground, Woolloongabba",,Australia chose to bat,4,Pakistan,,Mohammad Amir,Batter,5,48,63,5,0,76.19,,,,,,,
1000881,Test,2016-12-15,Australia,Pakistan,"Brisbane Cricket Ground, Woolloongabba",,Australia chose to bat,4,Pakistan,,Rahat Ali,Batter,6,1,2,0,0,50.0,,,,,,,
1000881,Test,2016-12-15,Australia,Pakistan,"Brisbane Cricket Ground, Woolloongabba",,Australia chose to bat,4,Pakistan,,Sami Aslam,Batter,7,15,39,2,0,38.46,,,,,,,
1000881,Test,2016-12-15,Australia,Pakistan,"Brisbane Cricket Ground, Woolloongabba",,Australia chose to bat,4,Pakistan,,Sarfraz Ahmed,Batter,8,24,41,1,0,58.54,,,,,,,
1000881,Test,2016-12-15,Australia,Pakistan,"Brisbane Cricket Ground, Woolloongabba",,Australia chose to bat,4,Pakistan,,Wahab Riaz,Batter,9,30,56,2,2,53.57,,,,,,,
1000881,Test,2016-12-15,Australia,Pakistan,"Brisbane Cricket Ground, Woolloongabba",,Australia chose to bat,4,Pakistan,,Yasir Shah,Batter,10,33,66,4,0,50.0,,,,,,,
1000881,Test,2016-12-15,Australia,Pakistan,"Brisbane Cricket Ground, Woolloongabba",,Australia chose to bat,4,Pakistan,,Younis Khan,Batter,11,65,147,7,0,44.22,,,,,,,
1000883,Test,2016-12-26,Australia,Pakistan,Melbourne Cricket Ground,Australia,Pakistan chose to bat,1,,Australia,JM Bird,Bowler,,,,,,,34,5,116,3,3.4,,
1000883,Test,2016-12-26,Australia,Pakistan,Melbourne Cricket Ground,Australia,Pakistan chose to bat,1,,Australia,JR Hazlewood,Bowler,,,,,,,32,10,52,4,1.6,,
1000883,Test,2016-12-26,Australia,Pakistan,Melbourne Cricket Ground,Australia,Pakistan chose to bat,1,,Australia,MA Starc,Bowler,,,,,,,31,6,133,1,4.27,,
1000883,Test,2016-12-26,Australia,Pakistan,Melbourne Cricket Ground,Australia,Pakistan chose to bat,1,,Australia,NJ Maddinson,Bowler,,,,,,,3,0,18,0,6.0,,
1000883,Test,2016-12-26,Australia,Pakistan,Melbourne Cricket Ground,Australia,Pakistan chose to bat,1,,Australia,NM Lyon,Bowler,,,,,,,23,1,115,1,5.0,,
1000883,Test,2016-12-26,Australia,Pakistan,Melbourne Cricket Ground,Australia,Pakistan chose to bat,1,,Australia,SPD Smith,Bowler,,,,,,,3,0,9,0,3.0,,SPD Smith
1000883,Test,2016-12-26,Australia,Pakistan,Melbourne Cricket Ground,Australia,Pakistan chose to bat,1,Pakistan,,Asad Shafiq,Batter,1,50,123,4,0,40.65,,,,,,,
1000883,Test,2016-12-26,Australia,Pakistan,Melbourne Cricket Ground,Australia,Pakistan chose to bat,1,Pakistan,,Azhar Ali,Batter,2,205,364,20,0,56.32,,,,,,,
1000883,Test,2016-12-26,Australia,Pakistan,Melbourne Cricket Ground,Australia,Pakistan chose to bat,1,Pakistan,,Babar Azam,Batter,3,23,43,3,0,53.49,,,,,,,
1000883,Test,2016-12-26,Australia,Pakistan,Melbourne Cricket Ground,Australia,Pakistan chose to bat,1,Pakistan,,Misbah-ul-Haq,Batter,4,11,13,1,1,84.62,,,,,,,
1000883,Test,2016-12-26,Australia,Pakistan,Melbourne Cricket Ground,Australia,Pakistan chose to bat,1,Pakistan,,Mohammad Amir,Batter,5,29,27,6,0,107.41,,,,,,,
1000883,Test,2016-12-26,Australia,Pakistan,Melbourne Cricket Ground,Australia,Pakistan chose to bat,1,Pakistan,,Sami Aslam,Batter,6,9,41,1,0,21.95,,,,,,,
1000883,Test,2016-12-26,Australia,Pakistan,Melbourne Cricket Ground,Australia,Pakistan chose to bat,1,Pakistan,,Sarfraz Ahmed,Batter,7,10,20,1,0,50.0,,,,,,,
1000883,Test,2016-12-26,Australia,Pakistan,Melbourne Cricket Ground,Australia,Pakistan chose to bat,1,Pakistan,,Sohail Khan,Batter,8,65,65,6,4,100.0,,,,,,,
1000883,Test,2016-12-26,Australia,Pakistan,Melbourne Cricket Ground,Australia,Pakistan chose to bat,1,Pakistan,,Wahab Riaz,Batter,9,1,5,0,0,20.0,,,,,,,
1000883,Test,2016-12-26,Australia,Pakistan,Melbourne Cricket Ground,Australia,Pakistan chose to bat,1,Pakistan,,Younis Khan,Batter,10,21,59,1,0,35.59,,,,,,,
1000883,Test,2016-12-26,Australia,Pakistan,Melbourne Cricket Ground,Australia,Pakistan chose to bat,2,Australia,,DA Warner,Batter,1,144,143,17,1,100.7,,,,,,,
1000883,Test,2016-12-26,Australia,Pakistan,Melbourne Cricket Ground,Australia,Pakistan chose to bat,2,Australia,,MA Starc,Batter,2,84,91,3,7,92.31,,,,,,,
1000883,Test,2016-12-26,Australia,Pakistan,Melbourne Cricket Ground,Australia,Pakistan chose to bat,2,Australia,,MS Wade,Batter,3,9,27,0,0,33.33,,,,,,,
1000883,Test,2016-12-26,Australia,Pakistan,Melbourne Cricket Ground,Australia,Pakistan chose to bat,2,Australia,,MT Renshaw,Batter,4,10,40,1,0,25.0,,,,,,,
1000883,Test,2016-12-26,Australia,Pakistan,Melbourne Cricket Ground,Australia,Pakistan chose to bat,2,Australia,,NJ Maddinson,Batter,5,22,55,2,0,40.0,,,,,,,
1000883,Test,2016-12-26,Australia,Pakistan,Melbourne Cricket Ground,Australia,Pakistan chose to bat,2,Australia,,NM Lyon,Batter,6,12,8,2,0,150.0,,,,,,,
1000883,Test,2016-12-26,Australia,Pakistan,Melbourne Cricket Ground,Australia,Pakistan chose to bat,2,Australia,,PSP Handscomb,Batter,7,54,90,8,0,60.0,,,,,,,
1000883,Test,2016-12-26,Australia,Pakistan,Melbourne Cricket Ground,Australia,Pakistan chose to bat,2,Australia,,SPD Smith,Batter,8,165,246,13,1,67.07,,,,,,,SPD Smith
1000883,Test,2016-12-26,Australia,Pakistan,Melbourne Cricket Ground,Australia,Pakistan chose to bat,2,Australia,,UT Khawaja,Batter,9,97,165,13,0,58.79,,,,,,,
1000883,Test,2016-12-26,Australia,Pakistan,Melbourne Cricket Ground,Australia,Pakistan chose to bat,2,,Pakistan,Azhar Ali,Bowler,,,,,,,5,0,35,0,7.0,,
1000883,Test,2016-12-26,Australia,Pakistan,Melbourne Cricket Ground,Australia,Pakistan chose to bat,2,,Pakistan,Mohammad Amir,Bowler,,,,,,,33,6,92,0,2.76,,
1000883,Test,2016-12-26,Australia,Pakistan,Melbourne Cricket Ground,Australia,Pakistan chose to bat,2,,Pakistan,Sohail Khan,Bowler,,,,,,,31,7,133,3,4.29,,
1000883,Test,2016-12-26,Australia,Pakistan,Melbourne Cricket Ground,Australia,Pakistan chose to bat,2,,Pakistan,Wahab Riaz,Bowler,,,,,,,34,4,155,2,4.56,,
1000883,Test,2016-12-26,Australia,Pakistan,Melbourne Cricket Ground,Australia,Pakistan chose to bat,2,,Pakistan,Yasir Shah,Bowler,,,,,,,41,2,209,3,5.1,,
1000883,Test,2016-12-26,Australia,Pakistan,Melbourne Cricket Ground,Australia,Pakistan chose to bat,3,,Australia,JM Bird,Bowler,,,,,,,11,2,46,1,4.06,,
1000883,Test,2016-12-26,Australia,Pakistan,Melbourne Cricket Ground,Australia,Pakistan chose to bat,3,,Australia,JR Hazlewood,Bowler,,,,,,,13,2,44,2,3.38,,
1000883,Test,2016-12-26,Australia,Pakistan,Melbourne Cricket Ground,Australia,Pakistan chose to bat,3,,Australia,MA Starc,Bowler,,,,,,,15,4,36,4,2.35,,
1000883,Test,2016-12-26,Australia,Pakistan,Melbourne Cricket Ground,Australia,Pakistan chose to bat,3,,Australia,NM Lyon,Bowler,,,,,,,14,4,37,3,2.64,,
1000883,Test,2016-12-26,Australia,Pakistan,Melbourne Cricket Ground,Australia,Pakistan chose to bat,3,Pakistan,,Asad Shafiq,Batter,1,16,31,1,0,51.61,,,,,,,
1000883,Test,2016-12-26,Australia,Pakistan,Melbourne Cricket Ground,Australia,Pakistan chose to bat,3,Pakistan,,Azhar Ali,Batter,2,43,112,3,0,38.39,,,,,,,
1000883,Test,2016-12-26,Australia,Pakistan,Melbourne Cricket Ground,Australia,Pakistan chose to bat,3,Pakistan,,Babar Azam,Batter,3,3,6,0,0,50.0,,,,,,,
1000883,Test,2016-12-26,Australia,Pakistan,Melbourne Cricket Ground,Australia,Pakistan chose to bat,3,Pakistan,,Misbah-ul-Haq,Batter,4,0,2,0,0,0.0,,,,,,,
1000883,Test,2016-12-26,Australia,Pakistan,Melbourne Cricket Ground,Australia,Pakistan chose to bat,3,Pakistan,,Mohammad Amir,Batter,5,11,39,1,0,28.21,,,,,,,
1000883,Test,2016-12-26,Australia,Pakistan,Melbourne Cricket Ground,Australia,Pakistan chose to bat,3,Pakistan,,Sami Aslam,Batter,6,2,8,0,0,25.0,,,,,,,
1000883,Test,2016-12-26,Australia,Pakistan,Melbourne Cricket Ground,Australia,Pakistan chose to bat,3,Pakistan,,Sarfraz Ahmed,Batter,7,43,62,4,0,69.35,,,,,,,
1000883,Test,2016-12-26,Australia,Pakistan,Melbourne Cricket Ground,Australia,Pakistan chose to bat,3,Pakistan,,Sohail Khan,Batter,8,10,17,2,0,58.82,,,,,,,
1000883,Test,2016-12-26,Australia,Pakistan,Melbourne Cricket Ground,Australia,Pakistan chose to bat,3,Pakistan,,Wahab Riaz,Batter,9,0,5,0,0,0.0,,,,,,,
1000883,Test,2016-12-26,Australia,Pakistan,Melbourne Cricket Ground,Australia,Pakistan chose to bat,3,Pakistan,,Yasir Shah,Batter,10,0,3,0,0,0.0,,,,,,,
1000883,Test,2016-12-26,Australia,Pakistan,Melbourne Cricket Ground,Australia,Pakistan chose to bat,3,Pakistan,,Younis Khan,Batter,11,24,37,2,0,64.86,,,,,,,
1000885,Test,2017-01-03,Australia,Pakistan,Sydney Cricket Ground,,Australia chose to bat,1,Australia,,DA Warner,Batter,1,113,95,17,0,118.95,,,,,,,DA Warner
1000885,Test,2017-01-03,Australia,Pakistan,Sydney Cricket Ground,,Australia chose to bat,1,Australia,,HWR Cartwright,Batter,2,37,97,5,0,38.14,,,,,,,
1000885,Test,2017-01-03,Australia,Pakistan,Sydney Cricket Ground,,Australia chose to bat,1,Australia,,MA Starc,Batter,3,16,11,0,2,145.45,,,,,,,
1000885,Test,2017-01-03,Australia,Pakistan,Sydney Cricket Ground,,Australia chose to bat,1,Australia,,MS Wade,Batter,4,29,33,2,0,87.88,,,,,,,
1000885,Test,2017-01-03,Australia,Pakistan,Sydney Cricket Ground,,Australia chose to bat,1,Australia,,MT Renshaw,Batter,5,184,293,20,0,62.8,,,,,,,
1000885,Test,2017-01-03,Australia,Pakistan,Sydney Cricket Ground,,Australia chose to bat,1,Australia,,PSP Handscomb,Batter,6,110,205,9,0,53.66,,,,,,,
1000885,Test,2017-01-03,Australia,Pakistan,Sydney Cricket Ground,,Australia chose to bat,1,Australia,,SPD Smith,Batter,7,24,40,3,0,60.0,,,,,,,
1000885,Test,2017-01-03,Australia,Pakistan,Sydney Cricket Ground,,Australia chose to bat,1,Australia,,UT Khawaja,Batter,8,13,40,0,0,32.5,,,,,,,
1000885,Test,2017-01-03,Australia,Pakistan,Sydney Cricket Ground,,Australia chose to bat,1,,Pakistan,Asad Shafiq,Bowler,,,,,,,2,0,12,0,6.0,,
1000885,Test,2017-01-03,Australia,Pakistan,Sydney Cricket Ground,,Australia chose to bat,1,,Pakistan,Azhar Ali,Bowler,,,,,,,14,0,70,2,5.0,,
1000885,Test,2017-01-03,Australia,Pakistan,Sydney Cricket Ground,,Australia chose to bat,1,,Pakistan,Imran Khan,Bowler,,,,,,,27,4,111,2,4.06,,
1000885,Test,2017-01-03,Australia,Pakistan,Sydney Cricket Ground,,Australia chose to bat,1,,Pakistan,Mohammad Amir,Bowler,,,,,,,24,2,84,0,3.5,,
1000885,Test,2017-01-03,Australia,Pakistan,Sydney Cricket Ground,,Australia chose to bat,1,,Pakistan,Wahab Riaz,Bowler,,,,,,,28,4,89,3,3.1,,
1000885,Test,2017-01-03,Australia,Pakistan,Sydney Cricket Ground,,Australia chose to bat,1,,Pakistan,Yasir Shah,Bowler,,,,,,,40,2,172,1,4.3,,
1000885,Test,2017-01-03,Australia,Pakistan,Sydney Cricket Ground,,Australia chose to bat,2,,Australia,HWR Cartwright,Bowler,,,,,,,4,0,15,0,3.75,,
1000885,Test,2017-01-03,Australia,Pakistan,Sydney Cricket Ground,,Australia chose to bat,2,,Australia,JR Hazlewood,Bowler,,,,,,,27,7,55,4,2.0,,
1000885,Test,2017-01-03,Australia,Pakistan,Sydney Cricket Ground,,Australia chose to bat,2,,Australia,MA Starc,Bowler,,,,,,,26,7,77,1,2.96,,
1000885,Test,2017-01-03,Australia,Pakistan,Sydney Cricket Ground,,Australia chose to bat,2,,Australia,NM Lyon,Bowler,,,,,,,33,3,117,4,3.55,,
1000885,Test,2017-01-03,Australia,Pakistan,Sydney Cricket Ground,,Australia chose to bat,2,,Australia,SNJ O'Keefe,Bowler,,,,,,,20,2,51,1,2.55,,
1000885,Test,2017-01-03,Australia,Pakistan,Sydney Cricket Ground,,Australia chose to bat,2,Pakistan,,Asad Shafiq,Batter,1,4,18,0,0,22.22,,,,,,,
1000885,Test,2017-01-03,Australia,Pakistan,Sydney Cricket Ground,,Australia chose to bat,2,Pakistan,,Azhar Ali,Batter,2,71,159,7,0,44.65,,,,,,,
1000885,Test,2017-01-03,Australia,Pakistan,Sydney Cricket Ground,,Australia chose to bat,2,Pakistan,,Babar Azam,Batter,3,0,4,0,0,0.0,,,,,,,
1000885,Test,2017-01-03,Australia,Pakistan,Sydney Cricket Ground,,Australia chose to bat,2,Pakistan,,Imran Khan,Batter,4,0,2,0,0,0.0,,,,,,,
1000885,Test,2017-01-03,Australia,Pakistan,Sydney Cricket Ground,,Australia chose to bat,2,Pakistan,,Misbah-ul-Haq,Batter,5,18,43,1,0,41.86,,,,,,,
1000885,Test,2017-01-03,Australia,Pakistan,Sydney Cricket Ground,,Australia chose to bat,2,Pakistan,,Mohammad Amir,Batter,6,4,12,0,0,33.33,,,,,,,
1000885,Test,2017-01-03,Australia,Pakistan,Sydney Cricket Ground,,Australia chose to bat,2,Pakistan,,Sarfraz Ahmed,Batter,7,18,24,2,0,75.0,,,,,,,
1000885,Test,2017-01-03,Australia,Pakistan,Sydney Cricket Ground,,Australia chose to bat,2,Pakistan,,Sharjeel Khan,Batter,8,4,7,1,0,57.14,,,,,,,
1000885,Test,2017-01-03,Australia,Pakistan,Sydney Cricket Ground,,Australia chose to bat,2,Pakistan,,Wahab Riaz,Batter,9,8,19,0,1,42.11,,,,,,,
1000885,Test,2017-01-03,Australia,Pakistan,Sydney Cricket Ground,,Australia chose to bat,2,Pakistan,,Yasir Shah,Batter,10,10,41,1,0,24.39,,,,,,,
1000885,Test,2017-01-03,Australia,Pakistan,Sydney Cricket Ground,,Australia chose to bat,2,Pakistan,,Younis Khan,Batter,11,175,334,18,3,52.4,,,,,,,
1000885,Test,2017-01-03,Australia,Pakistan,Sydney Cricket Ground,,Australia chose to bat,3,Australia,,DA Warner,Batter,1,55,27,8,3,203.7,,,,,,,DA Warner
1000885,Test,2017-01-03,Australia,Pakistan,Sydney Cricket Ground,,Australia chose to bat,3,Australia,,PSP Handscomb,Batter,2,40,25,5,0,160.0,,,,,,,
1000885,Test,2017-01-03,Australia,Pakistan,Sydney Cricket Ground,,Australia chose to bat,3,Australia,,SPD Smith,Batter,3,59,43,8,1,137.21,,,,,,,
1000885,Test,2017-01-03,Australia,Pakistan,Sydney Cricket Ground,,Australia chose to bat,3,Australia,,UT Khawaja,Batter,4,79,98,5,1,80.61,,,,,,,
1000885,Test,2017-01-03,Australia,Pakistan,Sydney Cricket Ground,,Australia chose to bat,3,,Pakistan,Azhar Ali,Bowler,,,,,,,5,0,41,0,8.2,,
1000885,Test,2017-01-03,Australia,Pakistan,Sydney Cricket Ground,,Australia chose to bat,3,,Pakistan,Imran Khan,Bowler,,,,,,,6,1,45,0,7.5,,
1000885,Test,2017-01-03,Australia,Pakistan,Sydney Cricket Ground,,Australia chose to bat,3,,Pakistan,Wahab Riaz,Bowler,,,,,,,7,0,28,1,3.82,,
1000885,Test,2017-01-03,Australia,Pakistan,Sydney Cricket Ground,,Australia chose to bat,3,,Pakistan,Yasir Shah,Bowler,,,,,,,14,0,127,1,9.07,,
1000885,Test,2017-01-03,Australia,Pakistan,Sydney Cricket Ground,,Australia chose to bat,4,,Australia,JR Hazlewood,Bowler,,,,,,,18,7,29,3,1.58,,
1000885,Test,2017-01-03,Australia,Pakistan,Sydney Cricket Ground,,Australia chose to bat,4,,Australia,MA Starc,Bowler,,,,,,,17,2,57,1,3.32,,
1000885,Test,2017-01-03,Australia,Pakistan,Sydney Cricket Ground,,Australia chose to bat,4,,Australia,NM Lyon,Bowler,,,,,,,27,6,100,2,3.7,,
1000885,Test,2017-01-03,Australia,Pakistan,Sydney Cricket Ground,,Australia chose to bat,4,,Australia,SNJ O'Keefe,Bowler,,,,,,,17,4,53,3,3.12,,
1000885,Test,2017-01-03,Australia,Pakistan,Sydney Cricket Ground,,Australia chose to bat,4,,Australia,SPD Smith,Bowler,,,,,,,1,0,5,1,5.0,,
1000885,Test,2017-01-03,Australia,Pakistan,Sydney Cricket Ground,,Australia chose to bat,4,Pakistan,,Asad Shafiq,Batter,1,30,55,4,0,54.55,,,,,,,
1000885,Test,2017-01-03,Australia,Pakistan,Sydney Cricket Ground,,Australia chose to bat,4,Pakistan,,Azhar Ali,Batter,2,11,54,1,0,20.37,,,,,,,
1000885,Test,2017-01-03,Australia,Pakistan,Sydney Cricket Ground,,Australia chose to bat,4,Pakistan,,Babar Azam,Batter,3,9,11,2,0,81.82,,,,,,,
1000885,Test,2017-01-03,Australia,Pakistan,Sydney Cricket Ground,,Australia chose to bat,4,Pakistan,,Imran Khan,Batter,4,0,4,0,0,0.0,,,,,,,
1000885,Test,2017-01-03,Australia,Pakistan,Sydney Cricket Ground,,Australia chose to bat,4,Pakistan,,Misbah-ul-Haq,Batter,5,38,98,4,1,38.78,,,,,,,
1000885,Test,2017-01-03,Australia,Pakistan,Sydney Cricket Ground,,Australia chose to bat,4,Pakistan,,Mohammad Amir,Batter,6,5,20,1,0,25.0,,,,,,,
1000885,Test,2017-01-03,Australia,Pakistan,Sydney Cricket Ground,,Australia chose to bat,4,Pakistan,,Sarfraz Ahmed,Batter,7,72,70,8,1,102.86,,,,,,,
1000885,Test,2017-01-03,Australia,Pakistan,Sydney Cricket Ground,,Australia chose to bat,4,Pakistan,,Sharjeel Khan,Batter,8,40,38,6,1,105.26,,,,,,,
1000885,Test,2017-01-03,Australia,Pakistan,Sydney Cricket Ground,,Australia chose to bat,4,Pakistan,,Wahab Riaz,Batter,9,12,9,3,0,133.33,,,,,,,
1000885,Test,2017-01-03,Australia,Pakistan,Sydney Cricket Ground,,Australia chose to bat,4,Pakistan,,Yasir Shah,Batter,10,13,93,0,0,13.98,,,,,,,
1000885,Test,2017-01-03,Australia,Pakistan,Sydney Cricket Ground,,Australia chose to bat,4,Pakistan,,Younis Khan,Batter,11,13,31,2,0,41.94,,,,,,,
1019985,Test,2017-01-12,New Zealand,Bangladesh,Basin Reserve,,New Zealand chose to field,1,Bangladesh,,Imrul Kayes,Batter,1,1,7,0,0,14.29,,,,,,,
1019985,Test,2017-01-12,New Zealand,Bangladesh,Basin Reserve,,New Zealand chose to field,1,Bangladesh,,Kamrul Islam Rabbi,Batter,2,6,21,1,0,28.57,,,,,,,
1019985,Test,2017-01-12,New Zealand,Bangladesh,Basin Reserve,,New Zealand chose to field,1,Bangladesh,,Mahmudullah,Batter,3,26,64,4,0,40.62,,,,,,,
1019985,Test,2017-01-12,New Zealand,Bangladesh,Basin Reserve,,New Zealand chose to field,1,Bangladesh,,Mehedi Hasan Miraz,Batter,4,0,13,0,0,0.0,,,,,,,
1019985,Test,2017-01-12,New Zealand,Bangladesh,Basin Reserve,,New Zealand chose to field,1,Bangladesh,,Mominul Haque,Batter,5,64,116,10,1,55.17,,,,,,,
1019985,Test,2017-01-12,New Zealand,Bangladesh,Basin Reserve,,New Zealand chose to field,1,Bangladesh,,Mushfiqur Rahim,Batter,6,159,260,23,1,61.15,,,,,,,
1019985,Test,2017-01-12,New Zealand,Bangladesh,Basin Reserve,,New Zealand chose to field,1,Bangladesh,,Sabbir Rahman,Batter,7,54,86,7,0,62.79,,,,,,,
1019985,Test,2017-01-12,New Zealand,Bangladesh,Basin Reserve,,New Zealand chose to field,1,Bangladesh,,Shakib Al Hasan,Batter,8,217,276,31,0,78.62,,,,,,,
1019985,Test,2017-01-12,New Zealand,Bangladesh,Basin Reserve,,New Zealand chose to field,1,Bangladesh,,Tamim Iqbal,Batter,9,56,50,11,0,112.0,,,,,,,
1019985,Test,2017-01-12,New Zealand,Bangladesh,Basin Reserve,,New Zealand chose to field,1,Bangladesh,,Taskin Ahmed,Batter,10,3,20,0,0,15.0,,,,,,,
1019985,Test,2017-01-12,New Zealand,Bangladesh,Basin Reserve,,New Zealand chose to field,1,,New Zealand,C de Grandhomme,Bowler,,,,,,,20,2,67,0,3.35,,
1019985,Test,2017-01-12,New Zealand,Bangladesh,Basin Reserve,,New Zealand chose to field,1,,New Zealand,KS Williamson,Bowler,,,,,,,3,0,20,0,6.67,,
1019985,Test,2017-01-12,New Zealand,Bangladesh,Basin Reserve,,New Zealand chose to field,1,,New Zealand,MJ Santner,Bowler,,,,,,,17,2,63,0,3.71,,
1019985,Test,2017-01-12,New Zealand,Bangladesh,Basin Reserve,,New Zealand chose to field,1,,New Zealand,N Wagner,Bowler,,,,,,,44,7,155,4,3.51,,
1019985,Test,2017-01-12,New Zealand,Bangladesh,Basin Reserve,,New Zealand chose to field,1,,New Zealand,TA Boult,Bowler,,,,,,,34,5,132,2,3.88,,
1019985,Test,2017-01-12,New Zealand,Bangladesh,Basin Reserve,,New Zealand chose to field,1,,New Zealand,TG Southee,Bowler,,,,,,,34,5,158,2,4.65,,
1019985,Test,2017-01-12,New Zealand,Bangladesh,Basin Reserve,,New Zealand chose to field,2,,Bangladesh,Kamrul Islam Rabbi,Bowler,,,,,,,26,4,88,3,3.36,,
1019985,Test,2017-01-12,New Zealand,Bangladesh,Basin Reserve,,New Zealand chose to field,2,,Bangladesh,Mahmudullah,Bowler,,,,,,,3,0,15,2,5.0,,
1019985,Test,2017-01-12,New Zealand,Bangladesh,Basin Reserve,,New Zealand chose to field,2,,Bangladesh,Mehedi Hasan Miraz,Bowler,,,,,,,37,5,117,0,3.15,,
1019985,Test,2017-01-12,New Zealand,Bangladesh,Basin Reserve,,New Zealand chose to field,2,,Bangladesh,Shakib Al Hasan,Bowler,,,,,,,27,2,78,2,2.89,,
1019985,Test,2017-01-12,New Zealand,Bangladesh,Basin Reserve,,New Zealand chose to field,2,,Bangladesh,Subashis Roy,Bowler,,,,,,,26,6,89,2,3.36,,
1019985,Test,2017-01-12,New Zealand,Bangladesh,Basin Reserve,,New Zealand chose to field,2,,Bangladesh,Taskin Ahmed,Bowler,,,,,,,29,3,152,1,5.18,,
1019985,Test,2017-01-12,New Zealand,Bangladesh,Basin Reserve,,New Zealand chose to field,2,New Zealand,,BJ Watling,Batter,1,49,106,6,0,46.23,,,,,,,
1019985,Test,2017-01-12,New Zealand,Bangladesh,Basin Reserve,,New Zealand chose to field,2,New Zealand,,C de Grandhomme,Batter,2,14,16,1,1,87.5,,,,,,,
1019985,Test,2017-01-12,New Zealand,Bangladesh,Basin Reserve,,New Zealand chose to field,2,New Zealand,,HM Nicholls,Batter,3,53,135,5,0,39.26,,,,,,,
1019985,Test,2017-01-12,New Zealand,Bangladesh,Basin Reserve,,New Zealand chose to field,2,New Zealand,,JA Raval,Batter,4,27,39,3,0,69.23,,,,,,,
1019985,Test,2017-01-12,New Zealand,Bangladesh,Basin Reserve,,New Zealand chose to field,2,New Zealand,,KS Williamson,Batter,5,53,55,8,0,96.36,,,,,,,
1019985,Test,2017-01-12,New Zealand,Bangladesh,Basin Reserve,,New Zealand chose to field,2,New Zealand,,LRPL Taylor,Batter,6,40,51,6,0,78.43,,,,,,,
1019985,Test,2017-01-12,New Zealand,Bangladesh,Basin Reserve,,New Zealand chose to field,2,New Zealand,,MJ Santner,Batter,7,73,103,6,3,70.87,,,,,,,
1019985,Test,2017-01-12,New Zealand,Bangladesh,Basin Reserve,,New Zealand chose to field,2,New Zealand,,N Wagner,Batter,8,18,31,2,1,58.06,,,,,,,
1019985,Test,2017-01-12,New Zealand,Bangladesh,Basin Reserve,,New Zealand chose to field,2,New Zealand,,TA Boult,Batter,9,4,23,1,0,17.39,,,,,,,
1019985,Test,2017-01-12,New Zealand,Bangladesh,Basin Reserve,,New Zealand chose to field,2,New Zealand,,TG Southee,Batter,10,1,3,0,0,33.33,,,,,,,
1019985,Test,2017-01-12,New Zealand,Bangladesh,Basin Reserve,,New Zealand chose to field,2,New Zealand,,TWM Latham,Batter,11,177,329,18,1,53.8,,,,,,,TWM Latham
1019985,Test,2017-01-12,New Zealand,Bangladesh,Basin Reserve,,New Zealand chose to field,3,Bangladesh,,Imrul Kayes,Batter,1,36,46,5,1,78.26,,,,,,,
1019985,Test,2017-01-12,New Zealand,Bangladesh,Basin Reserve,,New Zealand chose to field,3,Bangladesh,,Kamrul Islam Rabbi,Batter,2,1,14,0,0,7.14,,,,,,,
1019985,Test,2017-01-12,New Zealand,Bangladesh,Basin Reserve,,New Zealand chose to field,3,Bangladesh,,Mahmudullah,Batter,3,5,9,0,0,55.56,,,,,,,
1019985,Test,2017-01-12,New Zealand,Bangladesh,Basin Reserve,,New Zealand chose to field,3,Bangladesh,,Mehedi Hasan Miraz,Batter,4,1,8,0,0,12.5,,,,,,,
1019985,Test,2017-01-12,New Zealand,Bangladesh,Basin Reserve,,New Zealand chose to field,3,Bangladesh,,Mominul Haque,Batter,5,23,37,3,0,62.16,,,,,,,
1019985,Test,2017-01-12,New Zealand,Bangladesh,Basin Reserve,,New Zealand chose to field,3,Bangladesh,,Mushfiqur Rahim,Batter,6,13,53,1,0,24.53,,,,,,,
1019985,Test,2017-01-12,New Zealand,Bangladesh,Basin Reserve,,New Zealand chose to field,3,Bangladesh,,Sabbir Rahman,Batter,7,50,101,9,0,49.5,,,,,,,
1019985,Test,2017-01-12,New Zealand,Bangladesh,Basin Reserve,,New Zealand chose to field,3,Bangladesh,,Shakib Al Hasan,Batter,8,0,5,0,0,0.0,,,,,,,
1019985,Test,2017-01-12,New Zealand,Bangladesh,Basin Reserve,,New Zealand chose to field,3,Bangladesh,,Subashis Roy,Batter,9,0,8,0,0,0.0,,,,,,,
1019985,Test,2017-01-12,New Zealand,Bangladesh,Basin Reserve,,New Zealand chose to field,3,Bangladesh,,Tamim Iqbal,Batter,10,25,44,3,0,56.82,,,,,,,
1019985,Test,2017-01-12,New Zealand,Bangladesh,Basin Reserve,,New Zealand chose to field,3,Bangladesh,,Taskin Ahmed,Batter,11,5,23,1,0,21.74,,,,,,,
1019985,Test,2017-01-12,New Zealand,Bangladesh,Basin Reserve,,New Zealand chose to field,3,,New Zealand,MJ Santner,Bowler,,,,,,,16,5,36,2,2.25,,
1019985,Test,2017-01-12,New Zealand,Bangladesh,Basin Reserve,,New Zealand chose to field,3,,New Zealand,N Wagner,Bowler,,,,,,,15,3,37,3,2.44,,
1019985,Test,2017-01-12,New Zealand,Bangladesh,Basin Reserve,,New Zealand chose to field,3,,New Zealand,TA Boult,Bowler,,,,,,,13,3,53,3,3.83,,
1019985,Test,2017-01-12,New Zealand,Bangladesh,Basin Reserve,,New Zealand chose to field,3,,New Zealand,TG Southee,Bowler,,,,,,,13,5,34,2,2.62,,
1019985,Test,2017-01-12,New Zealand,Bangladesh,Basin Reserve,,New Zealand chose to field,4,,Bangladesh,Kamrul Islam Rabbi,Bowler,,,,,,,7,0,32,0,4.57,,
1019985,Test,2017-01-12,New Zealand,Bangladesh,Basin Reserve,,New Zealand chose to field,4,,Bangladesh,Mehedi Hasan Miraz,Bowler,,,,,,,11,0,70,2,6.0,,
1019985,Test,2017-01-12,New Zealand,Bangladesh,Basin Reserve,,New Zealand chose to field,4,,Bangladesh,Shakib Al Hasan,Bowler,,,,,,,10,0,36,0,3.6,,
1019985,Test,2017-01-12,New Zealand,Bangladesh,Basin Reserve,,New Zealand chose to field,4,,Bangladesh,Subashis Roy,Bowler,,,,,,,5,0,32,1,6.4,,
1019985,Test,2017-01-12,New Zealand,Bangladesh,Basin Reserve,,New Zealand chose to field,4,,Bangladesh,Taskin Ahmed,Bowler,,,,,,,6,0,47,0,7.83,,
1019985,Test,2017-01-12,New Zealand,Bangladesh,Basin Reserve,,New Zealand chose to field,4,New Zealand,,HM Nicholls,Batter,1,4,10,1,0,40.0,,,,,,,
1019985,Test,2017-01-12,New Zealand,Bangladesh,Basin Reserve,,New Zealand chose to field,4,New Zealand,,JA Raval,Batter,2,13,29,1,0,44.83,,,,,,,
1019985,Test,2017-01-12,New Zealand,Bangladesh,Basin Reserve,,New Zealand chose to field,4,New Zealand,,KS Williamson,Batter,3,104,90,15,0,115.56,,,,,,,
1019985,Test,2017-01-12,New Zealand,Bangladesh,Basin Reserve,,New Zealand chose to field,4,New Zealand,,LRPL Taylor,Batter,4,60,77,6,0,77.92,,,,,,,
1019985,Test,2017-01-12,New Zealand,Bangladesh,Basin Reserve,,New Zealand chose to field,4,New Zealand,,TWM Latham,Batter,5,16,32,1,0,50.0,,,,,,,TWM Latham
1019987,Test,2017-01-20,New Zealand,Bangladesh,Hagley Oval,,New Zealand chose to field,1,Bangladesh,,Kamrul Islam Rabbi,Batter,1,2,63,0,0,3.17,,,,,,,
1019987,Test,2017-01-20,New Zealand,Bangladesh,Hagley Oval,,New Zealand chose to field,1,Bangladesh,,Mahmudullah,Batter,2,19,24,3,0,79.17,,,,,,,
1019987,Test,2017-01-20,New Zealand,Bangladesh,Hagley Oval,,New Zealand chose to field,1,Bangladesh,,Mehedi Hasan Miraz,Batter,3,10,13,2,0,76.92,,,,,,,
1019987,Test,2017-01-20,New Zealand,Bangladesh,Hagley Oval,,New Zealand chose to field,1,Bangladesh,,Nazmul Hossain Shanto,Batter,4,18,56,2,0,32.14,,,,,,,
1019987,Test,2017-01-20,New Zealand,Bangladesh,Hagley Oval,,New Zealand chose to field,1,Bangladesh,,Nurul Hasan,Batter,5,47,98,5,0,47.96,,,,,,,
1019987,Test,2017-01-20,New Zealand,Bangladesh,Hagley Oval,,New Zealand chose to field,1,Bangladesh,,Rubel Hossain,Batter,6,16,21,3,0,76.19,,,,,,,
1019987,Test,2017-01-20,New Zealand,Bangladesh,Hagley Oval,,New Zealand chose to field,1,Bangladesh,,Sabbir Rahman,Batter,7,7,8,1,0,87.5,,,,,,,
1019987,Test,2017-01-20,New Zealand,Bangladesh,Hagley Oval,,New Zealand chose to field,1,Bangladesh,,Shakib Al Hasan,Batter,8,59,78,9,0,75.64,,,,,,,
1019987,Test,2017-01-20,New Zealand,Bangladesh,Hagley Oval,,New Zealand chose to field,1,Bangladesh,,Soumya Sarkar,Batter,9,86,104,11,0,82.69,,,,,,,
1019987,Test,2017-01-20,New Zealand,Bangladesh,Hagley Oval,,New Zealand chose to field,1,Bangladesh,,Tamim Iqbal,Batter,10,5,17,1,0,29.41,,,,,,,
1019987,Test,2017-01-20,New Zealand,Bangladesh,Hagley Oval,,New Zealand chose to field,1,Bangladesh,,Taskin Ahmed,Batter,11,8,26,0,0,30.77,,,,,,,
1019987,Test,2017-01-20,New Zealand,Bangladesh,Hagley Oval,,New Zealand chose to field,1,,New Zealand,C de Grandhomme,Bowler,,,,,,,14,4,58,0,4.09,,
1019987,Test,2017-01-20,New Zealand,Bangladesh,Hagley Oval,,New Zealand chose to field,1,,New Zealand,N Wagner,Bowler,,,,,,,18,1,44,1,2.44,,
1019987,Test,2017-01-20,New Zealand,Bangladesh,Hagley Oval,,New Zealand chose to field,1,,New Zealand,TA Boult,Bowler,,,,,,,24,4,93,4,3.88,,
1019987,Test,2017-01-20,New Zealand,Bangladesh,Hagley Oval,,New Zealand chose to field,1,,New Zealand,TG Southee,Bowler,,,,,,,28,7,94,5,3.28,,TG Southee
1019987,Test,2017-01-20,New Zealand,Bangladesh,Hagley Oval,,New Zealand chose to field,2,,Bangladesh,Kamrul Islam Rabbi,Bowler,,,,,,,19,4,79,2,4.05,,
1019987,Test,2017-01-20,New Zealand,Bangladesh,Hagley Oval,,New Zealand chose to field,2,,Bangladesh,Mehedi Hasan Miraz,Bowler,,,,,,,19,3,59,2,3.11,,
1019987,Test,2017-01-20,New Zealand,Bangladesh,Hagley Oval,,New Zealand chose to field,2,,Bangladesh,Rubel Hossain,Bowler,,,,,,,17,2,65,0,3.75,,
1019987,Test,2017-01-20,New Zealand,Bangladesh,Hagley Oval,,New Zealand chose to field,2,,Bangladesh,Shakib Al Hasan,Bowler,,,,,,,12,1,54,5,4.26,,
1019987,Test,2017-01-20,New Zealand,Bangladesh,Hagley Oval,,New Zealand chose to field,2,,Bangladesh,Soumya Sarkar,Bowler,,,,,,,3,0,10,0,3.33,,
1019987,Test,2017-01-20,New Zealand,Bangladesh,Hagley Oval,,New Zealand chose to field,2,,Bangladesh,Taskin Ahmed,Bowler,,,,,,,22,1,87,1,3.9,,
1019987,Test,2017-01-20,New Zealand,Bangladesh,Hagley Oval,,New Zealand chose to field,2,New Zealand,,BJ Watling,Batter,1,1,4,0,0,25.0,,,,,,,
1019987,Test,2017-01-20,New Zealand,Bangladesh,Hagley Oval,,New Zealand chose to field,2,New Zealand,,C de Grandhomme,Batter,2,0,3,0,0,0.0,,,,,,,
1019987,Test,2017-01-20,New Zealand,Bangladesh,Hagley Oval,,New Zealand chose to field,2,New Zealand,,HM Nicholls,Batter,3,98,149,12,0,65.77,,,,,,,
1019987,Test,2017-01-20,New Zealand,Bangladesh,Hagley Oval,,New Zealand chose to field,2,New Zealand,,JA Raval,Batter,4,16,45,3,0,35.56,,,,,,,
1019987,Test,2017-01-20,New Zealand,Bangladesh,Hagley Oval,,New Zealand chose to field,2,New Zealand,,KS Williamson,Batter,5,2,2,0,0,100.0,,,,,,,
1019987,Test,2017-01-20,New Zealand,Bangladesh,Hagley Oval,,New Zealand chose to field,2,New Zealand,,LRPL Taylor,Batter,6,77,103,7,2,74.76,,,,,,,
1019987,Test,2017-01-20,New Zealand,Bangladesh,Hagley Oval,,New Zealand chose to field,2,New Zealand,,MJ Santner,Batter,7,29,61,4,0,47.54,,,,,,,
1019987,Test,2017-01-20,New Zealand,Bangladesh,Hagley Oval,,New Zealand chose to field,2,New Zealand,,N Wagner,Batter,8,26,54,3,0,48.15,,,,,,,
1019987,Test,2017-01-20,New Zealand,Bangladesh,Hagley Oval,,New Zealand chose to field,2,New Zealand,,TA Boult,Batter,9,7,6,0,1,116.67,,,,,,,
1019987,Test,2017-01-20,New Zealand,Bangladesh,Hagley Oval,,New Zealand chose to field,2,New Zealand,,TG Southee,Batter,10,17,21,3,0,80.95,,,,,,,TG Southee
1019987,Test,2017-01-20,New Zealand,Bangladesh,Hagley Oval,,New Zealand chose to field,2,New Zealand,,TWM Latham,Batter,11,68,111,11,0,61.26,,,,,,,
1019987,Test,2017-01-20,New Zealand,Bangladesh,Hagley Oval,,New Zealand chose to field,3,Bangladesh,,Kamrul Islam Rabbi,Batter,1,25,29,3,1,86.21,,,,,,,
1019987,Test,2017-01-20,New Zealand,Bangladesh,Hagley Oval,,New Zealand chose to field,3,Bangladesh,,Mahmudullah,Batter,2,38,67,5,0,56.72,,,,,,,
1019987,Test,2017-01-20,New Zealand,Bangladesh,Hagley Oval,,New Zealand chose to field,3,Bangladesh,,Mehedi Hasan Miraz,Batter,3,4,22,1,0,18.18,,,,,,,
1019987,Test,2017-01-20,New Zealand,Bangladesh,Hagley Oval,,New Zealand chose to field,3,Bangladesh,,Nazmul Hossain Shanto,Batter,4,12,60,2,0,20.0,,,,,,,
1019987,Test,2017-01-20,New Zealand,Bangladesh,Hagley Oval,,New Zealand chose to field,3,Bangladesh,,Nurul Hasan,Batter,5,0,2,0,0,0.0,,,,,,,
1019987,Test,2017-01-20,New Zealand,Bangladesh,Hagley Oval,,New Zealand chose to field,3,Bangladesh,,Rubel Hossain,Batter,6,7,6,1,0,116.67,,,,,,,
1019987,Test,2017-01-20,New Zealand,Bangladesh,Hagley Oval,,New Zealand chose to field,3,Bangladesh,,Sabbir Rahman,Batter,7,0,11,0,0,0.0,,,,,,,
1019987,Test,2017-01-20,New Zealand,Bangladesh,Hagley Oval,,New Zealand chose to field,3,Bangladesh,,Shakib Al Hasan,Batter,8,8,7,1,0,114.29,,,,,,,
1019987,Test,2017-01-20,New Zealand,Bangladesh,Hagley Oval,,New Zealand chose to field,3,Bangladesh,,Soumya Sarkar,Batter,9,36,64,6,0,56.25,,,,,,,
1019987,Test,2017-01-20,New Zealand,Bangladesh,Hagley Oval,,New Zealand chose to field,3,Bangladesh,,Tamim Iqbal,Batter,10,8,19,1,0,42.11,,,,,,,
1019987,Test,2017-01-20,New Zealand,Bangladesh,Hagley Oval,,New Zealand chose to field,3,Bangladesh,,Taskin Ahmed,Batter,11,33,30,1,2,110.0,,,,,,,
1019987,Test,2017-01-20,New Zealand,Bangladesh,Hagley Oval,,New Zealand chose to field,3,,New Zealand,C de Grandhomme,Bowler,,,,,,,11,3,27,1,2.45,,
1019987,Test,2017-01-20,New Zealand,Bangladesh,Hagley Oval,,New Zealand chose to field,3,,New Zealand,N Wagner,Bowler,,,,,,,12,3,44,3,3.67,,
1019987,Test,2017-01-20,New Zealand,Bangladesh,Hagley Oval,,New Zealand chose to field,3,,New Zealand,TA Boult,Bowler,,,,,,,17,3,54,3,3.18,,
1019987,Test,2017-01-20,New Zealand,Bangladesh,Hagley Oval,,New Zealand chose to field,3,,New Zealand,TG Southee,Bowler,,,,,,,12,2,48,3,3.74,,TG Southee
1019987,Test,2017-01-20,New Zealand,Bangladesh,Hagley Oval,,New Zealand chose to field,4,,Bangladesh,Kamrul Islam Rabbi,Bowler,,,,,,,3,0,21,1,7.0,,
1019987,Test,2017-01-20,New Zealand,Bangladesh,Hagley Oval,,New Zealand chose to field,4,,Bangladesh,Mehedi Hasan Miraz,Bowler,,,,,,,6,0,27,0,4.38,,
1019987,Test,2017-01-20,New Zealand,Bangladesh,Hagley Oval,,New Zealand chose to field,4,,Bangladesh,Nazmul Hossain Shanto,Bowler,,,,,,,0,0,13,0,19.5,,
1019987,Test,2017-01-20,New Zealand,Bangladesh,Hagley Oval,,New Zealand chose to field,4,,Bangladesh,Shakib Al Hasan,Bowler,,,,,,,4,0,28,0,7.0,,
1019987,Test,2017-01-20,New Zealand,Bangladesh,Hagley Oval,,New Zealand chose to field,4,,Bangladesh,Taskin Ahmed,Bowler,,,,,,,5,0,22,0,4.12,,
1019987,Test,2017-01-20,New Zealand,Bangladesh,Hagley Oval,,New Zealand chose to field,4,New Zealand,,C de Grandhomme,Batter,1,33,15,0,4,220.0,,,,,,,
1019987,Test,2017-01-20,New Zealand,Bangladesh,Hagley Oval,,New Zealand chose to field,4,New Zealand,,JA Raval,Batter,2,33,40,4,0,82.5,,,,,,,
1019987,Test,2017-01-20,New Zealand,Bangladesh,Hagley Oval,,New Zealand chose to field,4,New Zealand,,TWM Latham,Batter,3,41,59,6,1,69.49,,,,,,,
1019993,Test,2016-11-17,New Zealand,Pakistan,Hagley Oval,,New Zealand chose to field,1,,New Zealand,C de Grandhomme,Bowler,,,,,,,15,5,50,6,3.16,,C de Grandhomme
1019993,Test,2016-11-17,New Zealand,Pakistan,Hagley Oval,,New Zealand chose to field,1,,New Zealand,N Wagner,Bowler,,,,,,,5,0,15,0,3.0,,
1019993,Test,2016-11-17,New Zealand,Pakistan,Hagley Oval,,New Zealand chose to field,1,,New Zealand,TA Boult,Bowler,,,,,,,16,5,43,2,2.69,,
1019993,Test,2016-11-17,New Zealand,Pakistan,Hagley Oval,,New Zealand chose to field,1,,New Zealand,TG Southee,Bowler,,,,,,,19,9,25,2,1.32,,
1019993,Test,2016-11-17,New Zealand,Pakistan,Hagley Oval,,New Zealand chose to field,1,Pakistan,,Asad Shafiq,Batter,1,16,40,2,0,40.0,,,,,,,
1019993,Test,2016-11-17,New Zealand,Pakistan,Hagley Oval,,New Zealand chose to field,1,Pakistan,,Azhar Ali,Batter,2,15,39,1,0,38.46,,,,,,,
1019993,Test,2016-11-17,New Zealand,Pakistan,Hagley Oval,,New Zealand chose to field,1,Pakistan,,Babar Azam,Batter,3,7,21,1,0,33.33,,,,,,,
1019993,Test,2016-11-17,New Zealand,Pakistan,Hagley Oval,,New Zealand chose to field,1,Pakistan,,Misbah-ul-Haq,Batter,4,31,108,3,0,28.7,,,,,,,
1019993,Test,2016-11-17,New Zealand,Pakistan,Hagley Oval,,New Zealand chose to field,1,Pakistan,,Mohammad Amir,Batter,5,3,16,0,0,18.75,,,,,,,
1019993,Test,2016-11-17,New Zealand,Pakistan,Hagley Oval,,New Zealand chose to field,1,Pakistan,,Rahat Ali,Batter,6,0,5,0,0,0.0,,,,,,,
1019993,Test,2016-11-17,New Zealand,Pakistan,Hagley Oval,,New Zealand chose to field,1,Pakistan,,Sami Aslam,Batter,7,19,54,1,0,35.19,,,,,,,
1019993,Test,2016-11-17,New Zealand,Pakistan,Hagley Oval,,New Zealand chose to field,1,Pakistan,,Sarfraz Ahmed,Batter,8,7,12,0,0,58.33,,,,,,,
1019993,Test,2016-11-17,New Zealand,Pakistan,Hagley Oval,,New Zealand chose to field,1,Pakistan,,Sohail Khan,Batter,9,9,30,2,0,30.0,,,,,,,
1019993,Test,2016-11-17,New Zealand,Pakistan,Hagley Oval,,New Zealand chose to field,1,Pakistan,,Yasir Shah,Batter,10,4,2,1,0,200.0,,,,,,,
1019993,Test,2016-11-17,New Zealand,Pakistan,Hagley Oval,,New Zealand chose to field,1,Pakistan,,Younis Khan,Batter,11,2,8,0,0,25.0,,,,,,,
1019993,Test,2016-11-17,New Zealand,Pakistan,Hagley Oval,,New Zealand chose to field,2,New Zealand,,BJ Watling,Batter,1,18,40,2,0,45.0,,,,,,,
1019993,Test,2016-11-17,New Zealand,Pakistan,Hagley Oval,,New Zealand chose to field,2,New Zealand,,C de Grandhomme,Batter,2,29,37,6,0,78.38,,,,,,,C de Grandhomme
1019993,Test,2016-11-17,New Zealand,Pakistan,Hagley Oval,,New Zealand chose to field,2,New Zealand,,HM Nicholls,Batter,3,30,61,4,0,49.18,,,,,,,
1019993,Test,2016-11-17,New Zealand,Pakistan,Hagley Oval,,New Zealand chose to field,2,New Zealand,,JA Raval,Batter,4,55,121,7,0,45.45,,,,,,,
1019993,Test,2016-11-17,New Zealand,Pakistan,Hagley Oval,,New Zealand chose to field,2,New Zealand,,KS Williamson,Batter,5,4,15,0,0,26.67,,,,,,,
1019993,Test,2016-11-17,New Zealand,Pakistan,Hagley Oval,,New Zealand chose to field,2,New Zealand,,LRPL Taylor,Batter,6,11,20,2,0,55.0,,,,,,,
1019993,Test,2016-11-17,New Zealand,Pakistan,Hagley Oval,,New Zealand chose to field,2,New Zealand,,N Wagner,Batter,7,21,18,3,1,116.67,,,,,,,
1019993,Test,2016-11-17,New Zealand,Pakistan,Hagley Oval,,New Zealand chose to field,2,New Zealand,,TA Boult,Batter,8,3,8,0,0,37.5,,,,,,,
1019993,Test,2016-11-17,New Zealand,Pakistan,Hagley Oval,,New Zealand chose to field,2,New Zealand,,TD Astle,Batter,9,0,5,0,0,0.0,,,,,,,
1019993,Test,2016-11-17,New Zealand,Pakistan,Hagley Oval,,New Zealand chose to field,2,New Zealand,,TG Southee,Batter,10,22,19,4,0,115.79,,,,,,,
1019993,Test,2016-11-17,New Zealand,Pakistan,Hagley Oval,,New Zealand chose to field,2,New Zealand,,TWM Latham,Batter,11,1,19,0,0,5.26,,,,,,,
1019993,Test,2016-11-17,New Zealand,Pakistan,Hagley Oval,,New Zealand chose to field,2,,Pakistan,Mohammad Amir,Bowler,,,,,,,18,4,43,3,2.28,,
1019993,Test,2016-11-17,New Zealand,Pakistan,Hagley Oval,,New Zealand chose to field,2,,Pakistan,Rahat Ali,Bowler,,,,,,,15,2,62,4,3.92,,
1019993,Test,2016-11-17,New Zealand,Pakistan,Hagley Oval,,New Zealand chose to field,2,,Pakistan,Sohail Khan,Bowler,,,,,,,22,5,79,3,3.59,,
1019993,Test,2016-11-17,New Zealand,Pakistan,Hagley Oval,,New Zealand chose to field,2,,Pakistan,Yasir Shah,Bowler,,,,,,,4,0,16,0,4.0,,
1019993,Test,2016-11-17,New Zealand,Pakistan,Hagley Oval,,New Zealand chose to field,3,,New Zealand,C de Grandhomme,Bowler,,,,,,,14,3,27,1,1.93,,C de Grandhomme
1019993,Test,2016-11-17,New Zealand,Pakistan,Hagley Oval,,New Zealand chose to field,3,,New Zealand,N Wagner,Bowler,,,,,,,20,6,38,3,1.9,,
1019993,Test,2016-11-17,New Zealand,Pakistan,Hagley Oval,,New Zealand chose to field,3,,New Zealand,TA Boult,Bowler,,,,,,,17,5,37,3,2.16,,
1019993,Test,2016-11-17,New Zealand,Pakistan,Hagley Oval,,New Zealand chose to field,3,,New Zealand,TD Astle,Bowler,,,,,,,4,0,12,0,3.0,,
1019993,Test,2016-11-17,New Zealand,Pakistan,Hagley Oval,,New Zealand chose to field,3,,New Zealand,TG Southee,Bowler,,,,,,,23,9,57,3,2.41,,
1019993,Test,2016-11-17,New Zealand,Pakistan,Hagley Oval,,New Zealand chose to field,3,Pakistan,,Asad Shafiq,Batter,1,17,47,2,0,36.17,,,,,,,
1019993,Test,2016-11-17,New Zealand,Pakistan,Hagley Oval,,New Zealand chose to field,3,Pakistan,,Azhar Ali,Batter,2,31,173,4,0,17.92,,,,,,,
1019993,Test,2016-11-17,New Zealand,Pakistan,Hagley Oval,,New Zealand chose to field,3,Pakistan,,Babar Azam,Batter,3,29,66,3,0,43.94,,,,,,,
1019993,Test,2016-11-17,New Zealand,Pakistan,Hagley Oval,,New Zealand chose to field,3,Pakistan,,Misbah-ul-Haq,Batter,4,13,47,1,0,27.66,,,,,,,
1019993,Test,2016-11-17,New Zealand,Pakistan,Hagley Oval,,New Zealand chose to field,3,Pakistan,,Mohammad Amir,Batter,5,6,4,0,0,150.0,,,,,,,
1019993,Test,2016-11-17,New Zealand,Pakistan,Hagley Oval,,New Zealand chose to field,3,Pakistan,,Rahat Ali,Batter,6,2,11,0,0,18.18,,,,,,,
1019993,Test,2016-11-17,New Zealand,Pakistan,Hagley Oval,,New Zealand chose to field,3,Pakistan,,Sami Aslam,Batter,7,7,57,0,0,12.28,,,,,,,
1019993,Test,2016-11-17,New Zealand,Pakistan,Hagley Oval,,New Zealand chose to field,3,Pakistan,,Sarfraz Ahmed,Batter,8,2,5,0,0,40.0,,,,,,,
1019993,Test,2016-11-17,New Zealand,Pakistan,Hagley Oval,,New Zealand chose to field,3,Pakistan,,Sohail Khan,Batter,9,40,39,5,1,102.56,,,,,,,
1019993,Test,2016-11-17,New Zealand,Pakistan,Hagley Oval,,New Zealand chose to field,3,Pakistan,,Yasir Shah,Batter,10,6,15,0,0,40.0,,,,,,,
1019993,Test,2016-11-17,New Zealand,Pakistan,Hagley Oval,,New Zealand chose to field,3,Pakistan,,Younis Khan,Batter,11,1,8,0,0,12.5,,,,,,,
1019993,Test,2016-11-17,New Zealand,Pakistan,Hagley Oval,,New Zealand chose to field,4,New Zealand,,JA Raval,Batter,1,36,89,4,0,40.45,,,,,,,
1019993,Test,2016-11-17,New Zealand,Pakistan,Hagley Oval,,New Zealand chose to field,4,New Zealand,,KS Williamson,Batter,2,61,77,4,1,79.22,,,,,,,
1019993,Test,2016-11-17,New Zealand,Pakistan,Hagley Oval,,New Zealand chose to field,4,New Zealand,,TWM Latham,Batter,3,9,25,1,0,36.0,,,,,,,
1019993,Test,2016-11-17,New Zealand,Pakistan,Hagley Oval,,New Zealand chose to field,4,,Pakistan,Azhar Ali,Bowler,,,,,,,3,1,6,1,2.0,,
1019993,Test,2016-11-17,New Zealand,Pakistan,Hagley Oval,,New Zealand chose to field,4,,Pakistan,Mohammad Amir,Bowler,,,,,,,7,2,12,1,1.64,,
1019993,Test,2016-11-17,New Zealand,Pakistan,Hagley Oval,,New Zealand chose to field,4,,Pakistan,Rahat Ali,Bowler,,,,,,,6,0,24,0,4.0,,
1019993,Test,2016-11-17,New Zealand,Pakistan,Hagley Oval,,New Zealand chose to field,4,,Pakistan,Sohail Khan,Bowler,,,,,,,6,1,21,0,3.5,,
1019993,Test,2016-11-17,New Zealand,Pakistan,Hagley Oval,,New Zealand chose to field,4,,Pakistan,Yasir Shah,Bowler,,,,,,,9,1,45,0,4.74,,
1019995,Test,2016-11-25,New Zealand,Pakistan,Seddon Park,,Pakistan chose to field,1,New Zealand,,BJ Watling,Batter,1,49,125,7,0,39.2,,,,,,,
1019995,Test,2016-11-25,New Zealand,Pakistan,Seddon Park,,Pakistan chose to field,1,New Zealand,,C de Grandhomme,Batter,2,37,55,5,0,67.27,,,,,,,
1019995,Test,2016-11-25,New Zealand,Pakistan,Seddon Park,,Pakistan chose to field,1,New Zealand,,HM Nicholls,Batter,3,13,52,2,0,25.0,,,,,,,
1019995,Test,2016-11-25,New Zealand,Pakistan,Seddon Park,,Pakistan chose to field,1,New Zealand,,JA Raval,Batter,4,55,112,9,0,49.11,,,,,,,
1019995,Test,2016-11-25,New Zealand,Pakistan,Seddon Park,,Pakistan chose to field,1,New Zealand,,KS Williamson,Batter,5,13,42,2,0,30.95,,,,,,,
1019995,Test,2016-11-25,New Zealand,Pakistan,Seddon Park,,Pakistan chose to field,1,New Zealand,,LRPL Taylor,Batter,6,37,31,7,0,119.35,,,,,,,
1019995,Test,2016-11-25,New Zealand,Pakistan,Seddon Park,,Pakistan chose to field,1,New Zealand,,MJ Henry,Batter,7,15,11,3,0,136.36,,,,,,,
1019995,Test,2016-11-25,New Zealand,Pakistan,Seddon Park,,Pakistan chose to field,1,New Zealand,,MJ Santner,Batter,8,16,37,3,0,43.24,,,,,,,
1019995,Test,2016-11-25,New Zealand,Pakistan,Seddon Park,,Pakistan chose to field,1,New Zealand,,N Wagner,Batter,9,1,9,0,0,11.11,,,,,,,
1019995,Test,2016-11-25,New Zealand,Pakistan,Seddon Park,,Pakistan chose to field,1,New Zealand,,TG Southee,Batter,10,29,28,5,1,103.57,,,,,,,TG Southee
1019995,Test,2016-11-25,New Zealand,Pakistan,Seddon Park,,Pakistan chose to field,1,New Zealand,,TWM Latham,Batter,11,0,1,0,0,0.0,,,,,,,
1019995,Test,2016-11-25,New Zealand,Pakistan,Seddon Park,,Pakistan chose to field,1,,Pakistan,Azhar Ali,Bowler,,,,,,,1,0,4,0,4.0,,
1019995,Test,2016-11-25,New Zealand,Pakistan,Seddon Park,,Pakistan chose to field,1,,Pakistan,Imran Khan,Bowler,,,,,,,20,5,52,3,2.5,,
1019995,Test,2016-11-25,New Zealand,Pakistan,Seddon Park,,Pakistan chose to field,1,,Pakistan,Mohammad Amir,Bowler,,,,,,,19,2,59,2,3.11,,
1019995,Test,2016-11-25,New Zealand,Pakistan,Seddon Park,,Pakistan chose to field,1,,Pakistan,Sohail Khan,Bowler,,,,,,,25,6,99,4,3.96,,
1019995,Test,2016-11-25,New Zealand,Pakistan,Seddon Park,,Pakistan chose to field,1,,Pakistan,Wahab Riaz,Bowler,,,,,,,18,4,57,1,3.14,,
1019995,Test,2016-11-25,New Zealand,Pakistan,Seddon Park,,Pakistan chose to field,2,,New Zealand,C de Grandhomme,Bowler,,,,,,,9,2,29,1,3.22,,
1019995,Test,2016-11-25,New Zealand,Pakistan,Seddon Park,,Pakistan chose to field,2,,New Zealand,MJ Henry,Bowler,,,,,,,19,5,30,0,1.57,,
1019995,Test,2016-11-25,New Zealand,Pakistan,Seddon Park,,Pakistan chose to field,2,,New Zealand,MJ Santner,Bowler,,,,,,,4,0,13,0,3.25,,
1019995,Test,2016-11-25,New Zealand,Pakistan,Seddon Park,,Pakistan chose to field,2,,New Zealand,N Wagner,Bowler,,,,,,,14,2,63,3,4.5,,
1019995,Test,2016-11-25,New Zealand,Pakistan,Seddon Park,,Pakistan chose to field,2,,New Zealand,TG Southee,Bowler,,,,,,,21,3,81,6,3.86,,TG Southee
1019995,Test,2016-11-25,New Zealand,Pakistan,Seddon Park,,Pakistan chose to field,2,Pakistan,,Asad Shafiq,Batter,1,23,35,4,0,65.71,,,,,,,
1019995,Test,2016-11-25,New Zealand,Pakistan,Seddon Park,,Pakistan chose to field,2,Pakistan,,Azhar Ali,Batter,2,1,18,0,0,5.56,,,,,,,
1019995,Test,2016-11-25,New Zealand,Pakistan,Seddon Park,,Pakistan chose to field,2,Pakistan,,Babar Azam,Batter,3,90,196,10,0,45.92,,,,,,,
1019995,Test,2016-11-25,New Zealand,Pakistan,Seddon Park,,Pakistan chose to field,2,Pakistan,,Imran Khan,Batter,4,6,8,1,0,75.0,,,,,,,
1019995,Test,2016-11-25,New Zealand,Pakistan,Seddon Park,,Pakistan chose to field,2,Pakistan,,Mohammad Amir,Batter,5,5,24,1,0,20.83,,,,,,,
1019995,Test,2016-11-25,New Zealand,Pakistan,Seddon Park,,Pakistan chose to field,2,Pakistan,,Mohammad Rizwan,Batter,6,0,1,0,0,0.0,,,,,,,
1019995,Test,2016-11-25,New Zealand,Pakistan,Seddon Park,,Pakistan chose to field,2,Pakistan,,Sami Aslam,Batter,7,5,12,1,0,41.67,,,,,,,
1019995,Test,2016-11-25,New Zealand,Pakistan,Seddon Park,,Pakistan chose to field,2,Pakistan,,Sarfraz Ahmed,Batter,8,41,44,7,0,93.18,,,,,,,
1019995,Test,2016-11-25,New Zealand,Pakistan,Seddon Park,,Pakistan chose to field,2,Pakistan,,Sohail Khan,Batter,9,37,47,4,2,78.72,,,,,,,
1019995,Test,2016-11-25,New Zealand,Pakistan,Seddon Park,,Pakistan chose to field,2,Pakistan,,Wahab Riaz,Batter,10,0,5,0,0,0.0,,,,,,,
1019995,Test,2016-11-25,New Zealand,Pakistan,Seddon Park,,Pakistan chose to field,2,Pakistan,,Younis Khan,Batter,11,2,13,0,0,15.38,,,,,,,
1019995,Test,2016-11-25,New Zealand,Pakistan,Seddon Park,,Pakistan chose to field,3,New Zealand,,BJ Watling,Batter,1,15,40,2,0,37.5,,,,,,,
1019995,Test,2016-11-25,New Zealand,Pakistan,Seddon Park,,Pakistan chose to field,3,New Zealand,,C de Grandhomme,Batter,2,32,21,6,0,152.38,,,,,,,
1019995,Test,2016-11-25,New Zealand,Pakistan,Seddon Park,,Pakistan chose to field,3,New Zealand,,HM Nicholls,Batter,3,26,59,4,0,44.07,,,,,,,
1019995,Test,2016-11-25,New Zealand,Pakistan,Seddon Park,,Pakistan chose to field,3,New Zealand,,JA Raval,Batter,4,2,23,0,0,8.7,,,,,,,
1019995,Test,2016-11-25,New Zealand,Pakistan,Seddon Park,,Pakistan chose to field,3,New Zealand,,KS Williamson,Batter,5,42,88,7,0,47.73,,,,,,,
1019995,Test,2016-11-25,New Zealand,Pakistan,Seddon Park,,Pakistan chose to field,3,New Zealand,,LRPL Taylor,Batter,6,102,134,16,0,76.12,,,,,,,
1019995,Test,2016-11-25,New Zealand,Pakistan,Seddon Park,,Pakistan chose to field,3,New Zealand,,TWM Latham,Batter,7,80,150,12,0,53.33,,,,,,,
1019995,Test,2016-11-25,New Zealand,Pakistan,Seddon Park,,Pakistan chose to field,3,,Pakistan,Asad Shafiq,Bowler,,,,,,,1,0,4,0,4.0,,
1019995,Test,2016-11-25,New Zealand,Pakistan,Seddon Park,,Pakistan chose to field,3,,Pakistan,Azhar Ali,Bowler,,,,,,,6,0,19,0,3.17,,
1019995,Test,2016-11-25,New Zealand,Pakistan,Seddon Park,,Pakistan chose to field,3,,Pakistan,Imran Khan,Bowler,,,,,,,20,4,77,3,3.76,,
1019995,Test,2016-11-25,New Zealand,Pakistan,Seddon Park,,Pakistan chose to field,3,,Pakistan,Mohammad Amir,Bowler,,,,,,,22,4,86,1,3.85,,
1019995,Test,2016-11-25,New Zealand,Pakistan,Seddon Park,,Pakistan chose to field,3,,Pakistan,Sohail Khan,Bowler,,,,,,,17,2,73,0,4.29,,
1019995,Test,2016-11-25,New Zealand,Pakistan,Seddon Park,,Pakistan chose to field,3,,Pakistan,Wahab Riaz,Bowler,,,,,,,19,3,54,1,2.79,,
1019995,Test,2016-11-25,New Zealand,Pakistan,Seddon Park,,Pakistan chose to field,4,,New Zealand,C de Grandhomme,Bowler,,,,,,,12,5,17,1,1.42,,
1019995,Test,2016-11-25,New Zealand,Pakistan,Seddon Park,,Pakistan chose to field,4,,New Zealand,KS Williamson,Bowler,,,,,,,1,0,2,0,2.0,,
1019995,Test,2016-11-25,New Zealand,Pakistan,Seddon Park,,Pakistan chose to field,4,,New Zealand,MJ Henry,Bowler,,,,,,,19,5,42,2,2.21,,
1019995,Test,2016-11-25,New Zealand,Pakistan,Seddon Park,,Pakistan chose to field,4,,New Zealand,MJ Santner,Bowler,,,,,,,16,2,49,2,3.06,,
1019995,Test,2016-11-25,New Zealand,Pakistan,Seddon Park,,Pakistan chose to field,4,,New Zealand,N Wagner,Bowler,,,,,,,20,3,59,3,2.85,,
1019995,Test,2016-11-25,New Zealand,Pakistan,Seddon Park,,Pakistan chose to field,4,,New Zealand,TG Southee,Bowler,,,,,,,24,6,61,2,2.54,,TG Southee
1019995,Test,2016-11-25,New Zealand,Pakistan,Seddon Park,,Pakistan chose to field,4,Pakistan,,Asad Shafiq,Batter,1,0,10,0,0,0.0,,,,,,,
1019995,Test,2016-11-25,New Zealand,Pakistan,Seddon Park,,Pakistan chose to field,4,Pakistan,,Azhar Ali,Batter,2,58,161,4,0,36.02,,,,,,,
1019995,Test,2016-11-25,New Zealand,Pakistan,Seddon Park,,Pakistan chose to field,4,Pakistan,,Babar Azam,Batter,3,16,25,2,0,64.0,,,,,,,
1019995,Test,2016-11-25,New Zealand,Pakistan,Seddon Park,,Pakistan chose to field,4,Pakistan,,Imran Khan,Batter,4,0,3,0,0,0.0,,,,,,,
1019995,Test,2016-11-25,New Zealand,Pakistan,Seddon Park,,Pakistan chose to field,4,Pakistan,,Mohammad Amir,Batter,5,0,2,0,0,0.0,,,,,,,
1019995,Test,2016-11-25,New Zealand,Pakistan,Seddon Park,,Pakistan chose to field,4,Pakistan,,Mohammad Rizwan,Batter,6,13,33,2,0,39.39,,,,,,,
1019995,Test,2016-11-25,New Zealand,Pakistan,Seddon Park,,Pakistan chose to field,4,Pakistan,,Sami Aslam,Batter,7,91,238,8,1,38.24,,,,,,,
1019995,Test,2016-11-25,New Zealand,Pakistan,Seddon Park,,Pakistan chose to field,4,Pakistan,,Sarfraz Ahmed,Batter,8,19,21,2,0,90.48,,,,,,,
1019995,Test,2016-11-25,New Zealand,Pakistan,Seddon Park,,Pakistan chose to field,4,Pakistan,,Sohail Khan,Batter,9,8,15,2,0,53.33,,,,,,,
1019995,Test,2016-11-25,New Zealand,Pakistan,Seddon Park,,Pakistan chose to field,4,Pakistan,,Wahab Riaz,Batter,10,0,2,0,0,0.0,,,,,,,
1019995,Test,2016-11-25,New Zealand,Pakistan,Seddon Park,,Pakistan chose to field,4,Pakistan,,Younis Khan,Batter,11,11,44,1,0,25.0,,,,,,,
